Date,Season,Brand,Brand_Tier,Sub_Category,Size,MRP,Discounted_Price,Discount_Pct,COGS,Logistics_Cost,Sales_Qty,Total_Inventory,Return_Qty,Cancellation_Qty,Return_RCA,Inventory_Age_Days,Customer_Rating
2026-03-13,SS26,Biba,Premium,Kurta Sets,XXL,2420,2003,17.2,1089,150,22,39,4,1,Size/Fit Issue,35,3.3
2025-10-24,AW25,W,Mid,Sarees,XL,910,609,33.1,410,150,86,136,5,4,Quality Issue,139,1.3
2026-03-28,SS26,FabIndia,Heritage,Loungewear,M,2270,1912,15.8,1022,150,22,43,0,0,Quality Issue,86,3.7
2026-01-26,AW25,Biba,Premium,Fusion Tops,XS,3560,2860,19.7,1602,150,101,131,6,0,Style Mismatch,92,4.1
2025-11-29,AW25,Biba,Premium,Fusion Tops,M,3160,1998,36.8,1422,150,38,213,2,0,Size/Fit Issue,93,4.5
2025-10-19,AW25,W,Mid,Sarees,S,2690,2045,24,1210,150,44,62,8,2,Quality Issue,142,2.7
2025-12-20,AW25,FabIndia,Heritage,Loungewear,XS,2730,1347,50.7,1228,150,79,125,5,3,Quality Issue,145,3.8
2025-12-07,AW25,W,Mid,Sarees,XXL,1880,1084,42.4,846,150,129,162,20,2,Logistics Delay,109,3.5
2025-10-13,AW25,Biba,Premium,Sarees,XXL,1950,1080,44.6,878,150,21,172,2,1,Style Mismatch,108,2.8
2025-10-03,AW25,Biba,Premium,Loungewear,XXL,2690,2405,10.6,1210,150,28,166,4,2,Quality Issue,111,2.8
2025-11-15,AW25,Biba,Premium,Loungewear,XXL,3380,2182,35.4,1521,150,79,89,19,3,Quality Issue,39,3.6
2026-03-03,SS26,Libas,Value,Fusion Tops,XS,730,354,51.5,328,150,62,196,1,4,Logistics Delay,78,2
2025-10-18,AW25,W,Mid,Sarees,XXL,2740,1306,52.3,1233,150,67,263,13,3,Logistics Delay,42,4.5
2026-03-26,SS26,W,Mid,Loungewear,L,2330,1703,26.9,1048,150,87,155,2,1,Style Mismatch,132,3.7
2026-02-28,SS26,W,Mid,Kurta Sets,XS,1040,869,16.4,468,150,58,101,1,1,Style Mismatch,8,2.6
2026-02-24,SS26,FabIndia,Heritage,Sarees,L,4330,3701,14.5,1948,150,73,250,4,2,Logistics Delay,24,1.8
2026-03-15,SS26,Biba,Premium,Kurta Sets,L,4280,3340,22,1926,150,47,175,1,2,Size/Fit Issue,27,2.5
2025-12-03,AW25,Biba,Premium,Fusion Tops,XL,1700,1572,7.5,765,150,6,140,1,0,Quality Issue,138,2.4
2026-02-01,SS26,W,Mid,Fusion Tops,XS,1470,1118,23.9,662,150,51,248,18,3,Size/Fit Issue,99,3.9
2026-02-20,SS26,FabIndia,Heritage,Sarees,S,3430,2885,15.9,1544,150,97,229,12,0,Style Mismatch,14,1.8
2026-02-06,SS26,W,Mid,Kurta Sets,XL,1130,592,47.6,508,150,22,95,4,0,Size/Fit Issue,17,4.4
2026-02-26,SS26,Biba,Premium,Kurta Sets,L,3990,2626,34.2,1796,150,68,179,13,1,Quality Issue,133,2.7
2025-11-03,AW25,Libas,Value,Fusion Tops,M,650,614,5.5,292,150,18,45,0,0,Size/Fit Issue,144,4.5
2025-12-02,AW25,Libas,Value,Loungewear,S,1400,746,46.7,630,150,122,166,0,7,Size/Fit Issue,77,3.9
2025-12-07,AW25,Biba,Premium,Kurta Sets,XXL,3560,3105,12.8,1602,150,36,171,8,0,Style Mismatch,72,2.8
2025-12-04,AW25,Biba,Premium,Kurta Sets,XXL,3030,1622,46.5,1364,150,8,131,0,0,Logistics Delay,11,2.4
2026-02-19,SS26,FabIndia,Heritage,Kurta Sets,XS,1620,774,52.3,729,150,132,152,1,3,Style Mismatch,38,3.3
2025-12-18,AW25,Libas,Value,Kurta Sets,M,930,566,39.1,418,150,79,128,20,5,Style Mismatch,26,3.8
2025-11-30,AW25,W,Mid,Sarees,L,900,774,14,405,150,68,257,14,4,Quality Issue,85,2.8
2025-10-28,AW25,FabIndia,Heritage,Kurta Sets,L,2820,2398,15,1269,150,60,119,3,3,Size/Fit Issue,117,1.5
2026-01-11,AW25,Libas,Value,Loungewear,XS,1070,829,22.6,482,150,74,150,22,4,Size/Fit Issue,130,1.6
2025-11-15,AW25,Libas,Value,Kurta Sets,XS,1720,1260,26.7,774,150,84,159,22,3,Size/Fit Issue,80,3.7
2025-10-12,AW25,FabIndia,Heritage,Kurta Sets,XL,5410,3282,39.3,2434,150,81,260,6,6,Logistics Delay,50,3.8
2025-11-01,AW25,Libas,Value,Loungewear,XXL,1340,1054,21.3,603,150,98,152,5,3,Logistics Delay,75,3.9
2026-03-07,SS26,Libas,Value,Fusion Tops,XL,500,399,20.2,225,150,78,260,20,3,Style Mismatch,53,3.3
2025-11-24,AW25,FabIndia,Heritage,Sarees,XXL,1690,1366,19.2,760,150,20,80,4,1,Style Mismatch,85,2.7
2025-11-07,AW25,Biba,Premium,Kurta Sets,S,3240,2088,35.6,1458,150,96,232,8,4,Size/Fit Issue,18,3.9
2026-01-11,AW25,W,Mid,Sarees,XXL,820,413,49.6,369,150,102,254,8,6,Style Mismatch,27,3.4
2025-12-03,AW25,Biba,Premium,Fusion Tops,S,4580,3287,28.2,2061,150,108,302,13,8,Logistics Delay,135,3.8
2026-02-07,SS26,FabIndia,Heritage,Fusion Tops,S,4890,3545,27.5,2200,150,56,85,7,2,Quality Issue,63,2.8
2025-12-13,AW25,W,Mid,Loungewear,M,2110,1062,49.7,950,150,38,154,1,1,Size/Fit Issue,20,2.6
2026-01-13,AW25,Libas,Value,Fusion Tops,L,630,533,15.3,284,150,66,223,19,3,Quality Issue,107,4.3
2026-01-06,AW25,FabIndia,Heritage,Kurta Sets,M,3440,1972,42.7,1548,150,119,185,16,5,Quality Issue,107,2.7
2025-12-09,AW25,FabIndia,Heritage,Fusion Tops,XS,4180,3268,21.8,1881,150,34,144,8,2,Logistics Delay,103,3.6
2026-03-01,SS26,Biba,Premium,Kurta Sets,XXL,3050,2691,11.8,1372,150,32,139,0,0,Size/Fit Issue,118,3
2025-12-11,AW25,FabIndia,Heritage,Loungewear,XS,4850,4560,6,2182,150,11,187,3,0,Style Mismatch,138,4.1
2025-10-11,AW25,Biba,Premium,Sarees,S,4740,4455,6,2133,150,38,227,1,2,Style Mismatch,39,2.6
2025-12-05,AW25,Libas,Value,Sarees,XL,1740,815,53.2,783,150,44,227,14,0,Size/Fit Issue,29,3
2026-01-05,AW25,FabIndia,Heritage,Sarees,XS,5850,3537,39.5,2632,150,28,182,5,0,Style Mismatch,62,4.2
2025-10-11,AW25,Libas,Value,Fusion Tops,XXL,1260,1154,8.4,567,150,6,178,2,0,Size/Fit Issue,87,4.6
2026-01-26,AW25,W,Mid,Fusion Tops,S,2940,1374,53.3,1323,150,131,223,27,4,Quality Issue,69,3.7
2025-12-02,AW25,Biba,Premium,Loungewear,L,2300,1322,42.5,1035,150,86,186,6,3,Style Mismatch,145,3.5
2025-12-06,AW25,Libas,Value,Loungewear,XL,1060,712,32.8,477,150,43,229,1,2,Style Mismatch,132,4.1
2026-01-30,AW25,FabIndia,Heritage,Fusion Tops,XS,1760,1413,19.7,792,150,46,164,4,2,Style Mismatch,103,3.6
2026-02-18,SS26,Libas,Value,Loungewear,XXL,1430,1165,18.5,644,150,43,229,2,0,Size/Fit Issue,64,3.6
2025-11-17,AW25,W,Mid,Sarees,XXL,2780,2257,18.8,1251,150,92,194,21,7,Quality Issue,150,2.9
2025-11-15,AW25,Libas,Value,Kurta Sets,XXL,1590,1410,11.3,716,150,12,147,2,0,Size/Fit Issue,11,4.3
2025-10-27,AW25,Biba,Premium,Loungewear,L,3260,2379,27,1467,150,15,150,0,1,Size/Fit Issue,47,1.9
2025-10-19,AW25,Biba,Premium,Sarees,S,4620,3089,33.1,2079,150,22,190,4,0,Quality Issue,77,3.7
2025-11-27,AW25,FabIndia,Heritage,Fusion Tops,L,3430,1783,48,1544,150,75,138,7,0,Logistics Delay,109,2.1
2026-03-10,SS26,W,Mid,Loungewear,XXL,1130,985,12.9,508,150,89,173,2,0,Style Mismatch,44,3.7
2025-10-09,AW25,W,Mid,Loungewear,XXL,1960,1173,40.1,882,150,22,201,5,1,Quality Issue,116,3.8
2025-11-20,AW25,FabIndia,Heritage,Kurta Sets,XL,2840,1778,37.4,1278,150,35,190,0,0,Style Mismatch,68,4
2025-12-13,AW25,FabIndia,Heritage,Kurta Sets,L,3490,2094,40,1570,150,110,308,10,3,Style Mismatch,69,4.4
2025-12-22,AW25,Libas,Value,Kurta Sets,XS,970,455,53.1,436,150,143,163,61,11,Style Mismatch,147,2.8
2025-11-14,AW25,FabIndia,Heritage,Fusion Tops,M,2480,1120,54.8,1116,150,122,158,21,4,Style Mismatch,111,3
2025-11-11,AW25,Libas,Value,Fusion Tops,XXL,1510,1217,19.4,680,150,96,209,1,0,Size/Fit Issue,102,2.2
2026-02-09,SS26,Biba,Premium,Fusion Tops,L,1520,1301,14.4,684,150,82,165,10,4,Size/Fit Issue,92,3.6
2026-01-21,AW25,FabIndia,Heritage,Kurta Sets,XS,5990,3297,45,2696,150,73,112,12,3,Size/Fit Issue,40,4.8
2026-01-27,AW25,Biba,Premium,Sarees,L,4230,3401,19.6,1904,150,75,183,13,5,Size/Fit Issue,69,3.6
2025-11-18,AW25,W,Mid,Kurta Sets,M,2500,1950,22,1125,150,51,229,11,1,Size/Fit Issue,129,3.7
2026-02-03,SS26,W,Mid,Fusion Tops,XL,2780,2161,22.3,1251,150,98,169,9,7,Logistics Delay,141,4.7
2026-02-24,SS26,FabIndia,Heritage,Sarees,L,1360,1076,20.9,612,150,69,205,4,3,Quality Issue,121,4.7
2025-10-10,AW25,W,Mid,Loungewear,XS,2600,2340,10,1170,150,6,136,1,0,Style Mismatch,116,2.4
2025-12-07,AW25,Libas,Value,Fusion Tops,XXL,660,346,47.6,297,150,90,238,38,4,Quality Issue,136,3.5
2025-10-10,AW25,Biba,Premium,Sarees,XXL,4100,2007,51,1845,150,28,151,4,0,Style Mismatch,58,4.3
2025-11-12,AW25,Libas,Value,Kurta Sets,XS,1160,640,44.8,522,150,83,139,14,0,Style Mismatch,75,3.6
2025-11-13,AW25,W,Mid,Kurta Sets,XL,2360,1511,36,1062,150,104,179,25,1,Style Mismatch,61,2.8
2026-03-20,SS26,Biba,Premium,Fusion Tops,M,4070,2754,32.3,1832,150,90,276,17,7,Size/Fit Issue,18,4.6
2025-12-04,AW25,FabIndia,Heritage,Loungewear,S,4150,2172,47.7,1868,150,60,75,4,1,Size/Fit Issue,27,3.9
2026-03-18,SS26,FabIndia,Heritage,Loungewear,XS,5640,2919,48.3,2538,150,117,217,29,8,Quality Issue,12,2.7
2025-11-26,AW25,W,Mid,Loungewear,XXL,1360,865,36.4,612,150,68,153,20,0,Size/Fit Issue,10,2.3
2025-12-23,AW25,FabIndia,Heritage,Sarees,S,2080,1158,44.3,936,150,119,252,10,2,Size/Fit Issue,93,4.4
2025-12-15,AW25,Libas,Value,Kurta Sets,L,650,572,12,292,150,64,77,20,4,Style Mismatch,57,4.1
2025-12-07,AW25,Biba,Premium,Fusion Tops,M,4050,2331,42.5,1822,150,129,259,10,6,Style Mismatch,67,3.9
2025-10-07,AW25,Libas,Value,Sarees,XXL,630,398,36.8,284,150,66,202,19,0,Size/Fit Issue,118,1.7
2025-10-30,AW25,Biba,Premium,Sarees,XL,1850,1398,24.4,832,150,101,136,8,5,Size/Fit Issue,94,3.3
2026-02-03,SS26,FabIndia,Heritage,Loungewear,XS,4030,3391,15.9,1814,150,43,218,11,0,Style Mismatch,113,3.6
2025-12-31,AW25,Biba,Premium,Fusion Tops,M,2080,969,53.4,936,150,28,123,3,1,Style Mismatch,116,1.5
2025-12-02,AW25,W,Mid,Sarees,XS,1650,1084,34.3,742,150,71,118,21,4,Style Mismatch,59,2.9
2025-11-03,AW25,Libas,Value,Sarees,XS,550,486,11.6,248,150,41,158,10,0,Size/Fit Issue,91,2.3
2026-02-12,SS26,Biba,Premium,Kurta Sets,L,3140,1762,43.9,1413,150,132,310,3,5,Logistics Delay,131,1.7
2026-02-11,SS26,Libas,Value,Fusion Tops,XXL,560,515,8,252,150,62,92,11,0,Quality Issue,122,3.3
2025-12-22,AW25,W,Mid,Kurta Sets,S,1920,1225,36.2,864,150,115,254,22,3,Style Mismatch,149,2.9
2026-03-04,SS26,FabIndia,Heritage,Kurta Sets,XXL,1940,1016,47.6,873,150,54,166,6,3,Size/Fit Issue,141,4.2
2026-01-15,AW25,Biba,Premium,Loungewear,L,2580,1593,38.3,1161,150,37,157,5,1,Size/Fit Issue,95,2
2025-10-25,AW25,Libas,Value,Sarees,XL,620,407,34.3,279,150,115,233,12,1,Style Mismatch,143,3.9
2025-10-14,AW25,Libas,Value,Loungewear,M,710,469,33.9,320,150,36,140,7,0,Size/Fit Issue,54,4.3
2025-10-30,AW25,Libas,Value,Sarees,L,1650,763,53.7,742,150,14,93,2,0,Quality Issue,142,1.6
2026-03-29,SS26,Libas,Value,Loungewear,M,510,438,14.1,230,150,93,126,20,0,Quality Issue,36,4.7
2026-02-13,SS26,W,Mid,Fusion Tops,L,2660,2074,22,1197,150,58,81,11,3,Style Mismatch,94,2
2025-11-09,AW25,W,Mid,Kurta Sets,XXL,1130,920,18.6,508,150,85,183,20,2,Size/Fit Issue,108,3.5
2026-01-19,AW25,Biba,Premium,Loungewear,XXL,4080,2666,34.7,1836,150,66,153,0,2,Style Mismatch,134,1.3
2025-11-24,AW25,W,Mid,Loungewear,M,2140,1905,11,963,150,69,250,3,2,Quality Issue,127,3.5
2025-12-30,AW25,Biba,Premium,Fusion Tops,XXL,1470,1076,26.8,662,150,19,135,5,0,Style Mismatch,117,4
2025-12-14,AW25,Biba,Premium,Fusion Tops,XS,2630,2272,13.6,1184,150,61,205,1,4,Size/Fit Issue,117,3.7
2025-10-21,AW25,FabIndia,Heritage,Loungewear,XXL,3780,3172,16.1,1701,150,17,116,2,0,Style Mismatch,43,4.4
2025-12-29,AW25,W,Mid,Sarees,XS,1400,1151,17.8,630,150,30,166,8,1,Size/Fit Issue,44,4.1
2026-01-27,AW25,FabIndia,Heritage,Loungewear,XXL,3590,3140,12.5,1616,150,77,216,10,1,Size/Fit Issue,17,1.8
2025-10-19,AW25,Libas,Value,Fusion Tops,L,580,535,7.8,261,150,15,123,3,1,Size/Fit Issue,73,3.7
2026-01-27,AW25,Biba,Premium,Fusion Tops,XL,3970,3398,14.4,1786,150,83,180,2,0,Size/Fit Issue,121,4.4
2025-10-22,AW25,W,Mid,Kurta Sets,S,2590,1177,54.5,1166,150,129,225,21,3,Logistics Delay,134,3.2
2026-03-23,SS26,Biba,Premium,Loungewear,XS,2650,2392,9.7,1192,150,46,94,3,3,Logistics Delay,98,3.7
2025-12-25,AW25,Biba,Premium,Sarees,M,2570,1198,53.4,1156,150,37,131,4,2,Style Mismatch,100,3.2
2025-11-02,AW25,Biba,Premium,Fusion Tops,XL,2780,2616,5.9,1251,150,30,75,5,0,Quality Issue,79,2.5
2025-11-09,AW25,Biba,Premium,Loungewear,XS,3380,1908,43.5,1521,150,14,63,3,0,Style Mismatch,134,3.7
2025-11-11,AW25,W,Mid,Sarees,XXL,2590,2404,7.2,1166,150,38,107,14,1,Quality Issue,93,4.1
2026-02-14,SS26,W,Mid,Loungewear,L,1590,1218,23.4,716,150,82,133,10,1,Style Mismatch,146,3.6
2025-11-21,AW25,W,Mid,Loungewear,XS,2770,1421,48.7,1246,150,31,82,8,1,Size/Fit Issue,141,2
2025-12-09,AW25,FabIndia,Heritage,Sarees,L,1750,834,52.3,788,150,110,215,17,8,Style Mismatch,56,3.2
2025-11-30,AW25,FabIndia,Heritage,Kurta Sets,M,2840,2658,6.4,1278,150,51,239,7,0,Size/Fit Issue,25,4.2
2025-11-05,AW25,FabIndia,Heritage,Fusion Tops,XL,1040,517,50.3,468,150,64,182,2,0,Logistics Delay,4,3.7
2025-10-29,AW25,Libas,Value,Sarees,M,750,695,7.4,338,150,69,240,1,4,Style Mismatch,107,3.6
2026-02-09,SS26,W,Mid,Sarees,M,2560,2430,5.1,1152,150,37,139,5,0,Quality Issue,90,3.5
2025-10-18,AW25,Biba,Premium,Fusion Tops,L,1480,936,36.8,666,150,57,235,8,1,Size/Fit Issue,95,2.7
2026-03-10,SS26,Biba,Premium,Loungewear,S,1480,1145,22.6,666,150,36,92,6,1,Logistics Delay,86,3.4
2025-11-04,AW25,Biba,Premium,Fusion Tops,XS,2500,2123,15.1,1125,150,12,143,1,0,Size/Fit Issue,51,4.2
2025-12-04,AW25,Biba,Premium,Sarees,M,2760,1432,48.1,1242,150,80,202,4,5,Style Mismatch,12,3.2
2026-01-07,AW25,Libas,Value,Sarees,L,1520,1165,23.4,684,150,52,108,13,3,Size/Fit Issue,132,3.7
2026-02-17,SS26,Libas,Value,Loungewear,XS,660,519,21.4,297,150,58,182,11,3,Size/Fit Issue,75,3.3
2025-10-11,AW25,Libas,Value,Fusion Tops,M,620,566,8.8,279,150,57,222,9,3,Size/Fit Issue,103,1.6
2026-03-23,SS26,FabIndia,Heritage,Kurta Sets,S,1550,1290,16.8,698,150,63,167,4,2,Quality Issue,93,3.9
2026-01-04,AW25,FabIndia,Heritage,Kurta Sets,XL,2130,1460,31.5,958,150,66,203,7,1,Size/Fit Issue,101,4
2026-02-10,SS26,FabIndia,Heritage,Kurta Sets,M,3130,1872,40.2,1408,150,65,93,8,5,Size/Fit Issue,54,2.3
2026-01-24,AW25,W,Mid,Fusion Tops,XS,2110,1300,38.4,950,150,118,307,24,8,Quality Issue,16,4
2026-03-13,SS26,W,Mid,Loungewear,XL,1720,1530,11.1,774,150,25,154,1,0,Style Mismatch,51,3.7
2026-02-19,SS26,W,Mid,Kurta Sets,XS,2060,1547,24.9,927,150,98,189,15,3,Style Mismatch,122,2.2
2026-03-14,SS26,Biba,Premium,Fusion Tops,L,4080,2821,30.9,1836,150,109,133,14,1,Logistics Delay,32,3.3
2025-11-01,AW25,W,Mid,Loungewear,S,1460,1151,21.1,657,150,64,124,16,2,Size/Fit Issue,57,2
2026-03-12,SS26,Libas,Value,Sarees,XXL,1120,720,35.7,504,150,105,274,30,4,Style Mismatch,23,2.5
2026-03-04,SS26,Libas,Value,Kurta Sets,XS,660,612,7.3,297,150,42,179,12,2,Size/Fit Issue,147,3.8
2026-03-10,SS26,Libas,Value,Loungewear,L,1000,548,45.2,450,150,72,200,10,3,Size/Fit Issue,103,3.3
2025-11-22,AW25,Libas,Value,Sarees,M,1150,670,41.7,518,150,91,220,3,2,Style Mismatch,88,3
2025-11-01,AW25,Libas,Value,Fusion Tops,S,790,712,9.8,356,150,61,154,17,2,Logistics Delay,74,4.4
2026-02-25,SS26,Libas,Value,Sarees,S,1520,687,54.8,684,150,123,250,35,4,Size/Fit Issue,119,3.2
2025-12-01,AW25,W,Mid,Loungewear,XS,1010,817,19.1,454,150,52,248,10,3,Size/Fit Issue,120,4.3
2026-01-02,AW25,FabIndia,Heritage,Loungewear,XS,4280,3957,7.6,1926,150,32,182,3,0,Size/Fit Issue,143,3.4
2025-12-11,AW25,Biba,Premium,Sarees,XS,2910,2221,23.7,1310,150,102,240,31,6,Size/Fit Issue,86,3.5
2025-10-11,AW25,Biba,Premium,Kurta Sets,S,4220,3306,21.7,1899,150,94,260,9,4,Style Mismatch,121,3
2025-12-21,AW25,W,Mid,Fusion Tops,XL,2020,1319,34.7,909,150,106,210,15,6,Size/Fit Issue,129,4.2
2025-12-24,AW25,Biba,Premium,Fusion Tops,XL,2560,1412,44.8,1152,150,108,176,6,5,Logistics Delay,6,3.7
2025-10-14,AW25,FabIndia,Heritage,Sarees,XL,4110,3601,12.4,1850,150,10,127,1,0,Size/Fit Issue,62,3.3
2025-11-08,AW25,FabIndia,Heritage,Sarees,L,5110,2874,43.7,2300,150,19,151,2,0,Style Mismatch,120,4.9
2026-02-12,SS26,FabIndia,Heritage,Loungewear,S,4760,2351,50.6,2142,150,130,317,8,8,Quality Issue,87,3.8
2025-12-07,AW25,FabIndia,Heritage,Sarees,S,3280,2201,32.9,1476,150,64,196,8,3,Quality Issue,57,3.5
2025-12-29,AW25,Libas,Value,Loungewear,XS,1670,1022,38.8,752,150,87,170,32,6,Quality Issue,97,2.9
2025-10-21,AW25,Libas,Value,Fusion Tops,XXL,1020,588,42.4,459,150,49,86,18,1,Style Mismatch,54,2.8
2026-03-07,SS26,W,Mid,Sarees,XS,2970,2486,16.3,1336,150,13,58,0,0,Style Mismatch,59,3.9
2025-10-02,AW25,W,Mid,Fusion Tops,XXL,2750,1956,28.9,1238,150,58,214,7,2,Logistics Delay,51,2.1
2025-11-29,AW25,Biba,Premium,Sarees,L,4910,2608,46.9,2210,150,93,177,15,1,Quality Issue,9,4.3
2025-10-10,AW25,Biba,Premium,Loungewear,XL,3770,3379,10.4,1696,150,47,91,4,2,Style Mismatch,85,4.4
2026-02-07,SS26,FabIndia,Heritage,Loungewear,S,1920,1507,21.5,864,150,48,230,6,0,Style Mismatch,117,2.9
2025-11-19,AW25,W,Mid,Fusion Tops,L,2910,2287,21.4,1310,150,22,98,1,0,Style Mismatch,102,2.8
2026-01-07,AW25,W,Mid,Fusion Tops,M,2150,1718,20.1,968,150,7,136,0,0,Size/Fit Issue,146,3.9
2025-12-18,AW25,W,Mid,Fusion Tops,XXL,2860,1397,51.2,1287,150,35,79,8,2,Size/Fit Issue,79,2.7
2026-01-31,AW25,W,Mid,Fusion Tops,XXL,2330,1729,25.8,1048,150,90,274,26,5,Quality Issue,140,4.1
2026-03-02,SS26,Biba,Premium,Fusion Tops,XL,4180,3215,23.1,1881,150,25,73,0,1,Style Mismatch,144,3.7
2025-11-12,AW25,Libas,Value,Fusion Tops,XS,920,544,40.8,414,150,25,141,10,0,Size/Fit Issue,125,2.3
2026-01-25,AW25,Biba,Premium,Fusion Tops,XXL,4600,3661,20.4,2070,150,71,189,5,0,Size/Fit Issue,5,2
2025-12-28,AW25,Biba,Premium,Kurta Sets,XS,3230,3017,6.6,1454,150,30,147,7,1,Logistics Delay,104,3.8
2026-01-04,AW25,FabIndia,Heritage,Fusion Tops,L,4080,3712,9,1836,150,24,169,2,0,Size/Fit Issue,138,3.6
2025-11-02,AW25,W,Mid,Kurta Sets,XS,2020,1451,28.2,909,150,83,163,17,5,Size/Fit Issue,139,3.1
2025-11-18,AW25,Biba,Premium,Kurta Sets,XXL,3020,1940,35.7,1359,150,53,243,3,0,Size/Fit Issue,4,3.7
2025-10-13,AW25,W,Mid,Kurta Sets,L,2600,2165,16.7,1170,150,15,172,0,1,Size/Fit Issue,55,4.5
2025-12-21,AW25,Libas,Value,Sarees,M,790,361,54.3,356,150,59,257,8,1,Style Mismatch,133,3.7
2025-11-14,AW25,FabIndia,Heritage,Fusion Tops,XS,3820,1831,52.1,1719,150,128,275,12,4,Size/Fit Issue,97,3.2
2026-01-30,AW25,W,Mid,Sarees,M,1390,760,45.3,626,150,127,202,14,4,Style Mismatch,14,3.2
2025-11-22,AW25,Libas,Value,Kurta Sets,L,1260,1139,9.6,567,150,12,70,1,0,Quality Issue,48,4.3
2026-02-28,SS26,W,Mid,Fusion Tops,S,2160,1725,20.2,972,150,41,173,10,3,Size/Fit Issue,3,5
2025-12-02,AW25,W,Mid,Fusion Tops,S,2120,1192,43.8,954,150,106,243,15,3,Size/Fit Issue,97,3.5
2026-01-28,AW25,Biba,Premium,Fusion Tops,M,2130,1629,23.5,958,150,13,172,1,0,Size/Fit Issue,105,2.8
2026-02-26,SS26,FabIndia,Heritage,Loungewear,S,2610,2049,21.5,1174,150,101,176,15,4,Quality Issue,97,3.9
2026-02-03,SS26,FabIndia,Heritage,Fusion Tops,S,3880,3358,13.5,1746,150,80,224,2,5,Logistics Delay,139,4.6
2025-10-09,AW25,Biba,Premium,Kurta Sets,XS,2990,2635,11.9,1346,150,15,183,3,0,Style Mismatch,59,3.2
2026-03-13,SS26,FabIndia,Heritage,Fusion Tops,XS,1050,718,31.6,472,150,8,146,0,0,Style Mismatch,105,2.9
2026-03-28,SS26,FabIndia,Heritage,Sarees,XS,1790,1231,31.2,806,150,42,72,7,0,Size/Fit Issue,61,4.1
2026-01-04,AW25,FabIndia,Heritage,Fusion Tops,XL,2990,1360,54.5,1346,150,78,96,9,5,Quality Issue,57,4.3
2025-10-24,AW25,FabIndia,Heritage,Fusion Tops,L,5530,3937,28.8,2488,150,37,71,0,2,Quality Issue,2,3
2026-02-13,SS26,Biba,Premium,Sarees,S,4990,2575,48.4,2246,150,112,261,6,8,Quality Issue,145,2.9
2026-02-22,SS26,Biba,Premium,Sarees,M,1360,638,53.1,612,150,41,92,6,2,Style Mismatch,150,2
2026-02-22,SS26,W,Mid,Fusion Tops,XXL,2160,1637,24.2,972,150,20,49,3,1,Size/Fit Issue,35,3.3
2025-12-27,AW25,FabIndia,Heritage,Loungewear,XS,3240,1809,44.2,1458,150,111,270,7,4,Size/Fit Issue,115,2.5
2026-03-19,SS26,FabIndia,Heritage,Kurta Sets,XL,3420,1884,44.9,1539,150,25,134,1,0,Quality Issue,18,2.4
2025-12-21,AW25,Libas,Value,Kurta Sets,XS,510,244,52.1,230,150,90,242,30,0,Size/Fit Issue,113,3.3
2026-02-20,SS26,FabIndia,Heritage,Kurta Sets,XS,1730,1337,22.7,778,150,61,256,15,0,Size/Fit Issue,23,4.1
2026-02-21,SS26,W,Mid,Sarees,XXL,2360,2042,13.5,1062,150,51,137,5,0,Size/Fit Issue,68,2.8
2026-02-01,SS26,Biba,Premium,Loungewear,M,2310,1362,41,1040,150,48,216,4,0,Size/Fit Issue,126,3.2
2026-01-06,AW25,Libas,Value,Fusion Tops,M,1380,748,45.8,621,150,72,183,7,5,Size/Fit Issue,34,3
2025-12-21,AW25,Libas,Value,Fusion Tops,XL,1000,787,21.3,450,150,72,128,8,5,Size/Fit Issue,71,4.9
2026-03-24,SS26,Biba,Premium,Fusion Tops,XXL,2160,1578,26.9,972,150,18,190,4,1,Size/Fit Issue,74,3.5
2025-12-17,AW25,W,Mid,Loungewear,XXL,1430,847,40.8,644,150,22,209,3,1,Style Mismatch,96,3.6
2026-01-16,AW25,Biba,Premium,Loungewear,XXL,4970,2703,45.6,2236,150,30,51,7,1,Size/Fit Issue,21,3.8
2026-02-22,SS26,FabIndia,Heritage,Loungewear,L,1870,1767,5.5,842,150,35,159,3,1,Style Mismatch,66,3.7
2026-01-04,AW25,FabIndia,Heritage,Fusion Tops,XXL,5820,3520,39.5,2619,150,78,109,23,3,Size/Fit Issue,38,4.5
2025-10-30,AW25,W,Mid,Loungewear,M,2200,1589,27.8,990,150,100,191,13,3,Style Mismatch,52,3.9
2025-10-18,AW25,Libas,Value,Kurta Sets,XXL,730,685,6.1,328,150,19,73,5,0,Logistics Delay,87,2.7
2026-02-19,SS26,W,Mid,Loungewear,XL,2540,1196,52.9,1143,150,100,298,17,1,Quality Issue,59,3.2
2026-03-07,SS26,W,Mid,Fusion Tops,XL,2560,1934,24.4,1152,150,42,189,3,2,Quality Issue,54,3.7
2025-11-17,AW25,Libas,Value,Loungewear,S,1440,1286,10.7,648,150,83,122,26,2,Style Mismatch,125,3.2
2025-12-29,AW25,Libas,Value,Fusion Tops,XL,850,462,45.7,382,150,134,190,3,1,Size/Fit Issue,76,2.9
2026-01-04,AW25,W,Mid,Fusion Tops,L,1360,901,33.7,612,150,42,96,5,1,Logistics Delay,108,4.5
2026-02-20,SS26,W,Mid,Fusion Tops,M,1370,1173,14.4,616,150,13,121,3,0,Style Mismatch,115,2.6
2026-02-21,SS26,FabIndia,Heritage,Fusion Tops,XXL,5030,3733,25.8,2264,150,92,110,4,4,Quality Issue,113,2.7
2025-12-10,AW25,W,Mid,Loungewear,S,2670,1781,33.3,1202,150,112,215,15,5,Size/Fit Issue,126,3.6
2026-02-16,SS26,Biba,Premium,Fusion Tops,XL,2190,997,54.5,986,150,65,97,4,5,Style Mismatch,26,3.1
2026-01-21,AW25,Biba,Premium,Sarees,S,4620,2685,41.9,2079,150,96,121,3,1,Size/Fit Issue,89,2.6
2026-02-23,SS26,Libas,Value,Loungewear,XL,1600,1385,13.4,720,150,50,84,9,3,Style Mismatch,74,4.4
2025-11-04,AW25,FabIndia,Heritage,Kurta Sets,M,2040,1223,40.1,918,150,57,167,1,1,Size/Fit Issue,33,4.2
2026-02-03,SS26,W,Mid,Loungewear,XXL,2500,1906,23.8,1125,150,21,147,3,1,Style Mismatch,19,4.3
2026-02-02,SS26,Libas,Value,Kurta Sets,XXL,690,403,41.5,310,150,81,145,30,5,Size/Fit Issue,117,4.7
2026-02-04,SS26,Libas,Value,Loungewear,M,1190,805,32.4,536,150,114,135,32,7,Logistics Delay,33,4.1
2025-10-26,AW25,FabIndia,Heritage,Kurta Sets,XS,2290,1670,27.1,1030,150,82,132,4,4,Size/Fit Issue,0,3.8
2025-12-10,AW25,Biba,Premium,Loungewear,M,1640,1253,23.6,738,150,14,191,1,0,Quality Issue,42,2.7
2025-10-24,AW25,Biba,Premium,Kurta Sets,S,3250,2961,8.9,1462,150,80,198,11,0,Quality Issue,57,4.2
2026-03-27,SS26,W,Mid,Fusion Tops,XS,1740,1320,24.2,783,150,24,68,2,1,Size/Fit Issue,26,4.1
2026-03-14,SS26,W,Mid,Kurta Sets,XL,830,535,35.5,374,150,93,260,8,1,Quality Issue,42,4.5
2026-03-25,SS26,FabIndia,Heritage,Sarees,XS,1820,1602,12,819,150,94,167,20,2,Size/Fit Issue,31,4.1
2025-12-10,AW25,Biba,Premium,Sarees,XL,3760,2444,35,1692,150,12,152,2,0,Style Mismatch,72,3.5
2025-11-18,AW25,FabIndia,Heritage,Loungewear,XXL,1450,809,44.2,652,150,113,126,13,2,Style Mismatch,61,1.9
2026-01-01,AW25,Libas,Value,Sarees,L,1660,1228,26,747,150,37,64,9,2,Quality Issue,139,1.5
2025-10-04,AW25,Libas,Value,Sarees,XS,620,295,52.4,279,150,123,235,15,7,Quality Issue,101,3.3
2025-10-22,AW25,W,Mid,Loungewear,XS,2070,1885,9,932,150,27,211,5,0,Style Mismatch,52,4.2
2026-03-14,SS26,Biba,Premium,Loungewear,XXL,3090,1808,41.5,1390,150,19,43,1,1,Size/Fit Issue,61,3.8
2025-12-19,AW25,W,Mid,Kurta Sets,XS,1360,815,40.1,612,150,108,160,40,4,Quality Issue,41,4
2026-01-04,AW25,W,Mid,Loungewear,XXL,1280,722,43.6,576,150,77,234,24,1,Size/Fit Issue,7,4
2026-03-10,SS26,Biba,Premium,Fusion Tops,L,3390,2610,23,1526,150,103,285,3,1,Quality Issue,127,4.4
2025-10-30,AW25,W,Mid,Kurta Sets,XS,850,704,17.2,382,150,64,215,9,0,Logistics Delay,120,4.3
2026-03-17,SS26,FabIndia,Heritage,Sarees,M,3030,2248,25.8,1364,150,54,77,8,2,Size/Fit Issue,81,3.9
2025-11-15,AW25,W,Mid,Kurta Sets,L,1080,552,48.8,486,150,76,230,6,3,Size/Fit Issue,72,2.6
2025-12-17,AW25,W,Mid,Fusion Tops,M,2820,1272,54.9,1269,150,134,203,27,2,Size/Fit Issue,50,3.3
2026-02-16,SS26,Libas,Value,Kurta Sets,M,500,285,42.9,225,150,72,97,2,3,Size/Fit Issue,96,3.5
2025-11-06,AW25,Libas,Value,Kurta Sets,XS,970,486,49.9,436,150,99,133,31,2,Logistics Delay,133,2
2026-02-07,SS26,W,Mid,Fusion Tops,XS,1050,769,26.7,472,150,49,247,5,3,Logistics Delay,33,3.2
2025-12-23,AW25,Libas,Value,Fusion Tops,M,980,894,8.7,441,150,24,153,6,1,Size/Fit Issue,51,2.4
2025-12-20,AW25,FabIndia,Heritage,Kurta Sets,XL,3930,1838,53.2,1768,150,111,296,6,2,Size/Fit Issue,53,2.4
2025-12-17,AW25,Biba,Premium,Sarees,M,1910,1727,9.6,860,150,57,111,4,0,Size/Fit Issue,63,4.2
2025-10-08,AW25,FabIndia,Heritage,Fusion Tops,XL,5500,4538,17.5,2475,150,22,88,3,0,Size/Fit Issue,118,4.2
2025-11-03,AW25,W,Mid,Fusion Tops,M,1140,751,34.1,513,150,21,63,0,0,Logistics Delay,66,3.3
2025-10-24,AW25,Libas,Value,Kurta Sets,XS,1440,1332,7.5,648,150,66,120,24,2,Size/Fit Issue,146,3.9
2025-12-30,AW25,W,Mid,Sarees,M,1940,1410,27.3,873,150,12,162,1,0,Quality Issue,38,3.5
2026-01-31,AW25,Biba,Premium,Kurta Sets,M,2870,2530,11.9,1292,150,84,191,4,6,Style Mismatch,51,1.5
2025-12-31,AW25,FabIndia,Heritage,Fusion Tops,M,5630,3934,30.1,2534,150,56,137,1,1,Size/Fit Issue,99,4.4
2025-10-15,AW25,FabIndia,Heritage,Loungewear,XL,2900,1343,53.7,1305,150,64,88,7,1,Quality Issue,25,4.5
2025-11-26,AW25,FabIndia,Heritage,Loungewear,S,2440,2029,16.8,1098,150,62,216,10,0,Quality Issue,81,4.6
2025-11-06,AW25,W,Mid,Fusion Tops,XL,2060,1776,13.8,927,150,19,113,0,0,Size/Fit Issue,9,3.4
2026-03-07,SS26,W,Mid,Sarees,M,1520,746,50.9,684,150,21,165,0,0,Logistics Delay,82,4.1
2026-01-02,AW25,Biba,Premium,Loungewear,XXL,4010,3016,24.8,1804,150,65,238,6,0,Size/Fit Issue,25,4.6
2026-02-02,SS26,Libas,Value,Sarees,XXL,1650,995,39.7,742,150,52,137,15,3,Size/Fit Issue,91,4
2025-11-02,AW25,W,Mid,Kurta Sets,XXL,2400,1259,47.5,1080,150,15,188,1,0,Quality Issue,145,3.8
2026-02-22,SS26,Biba,Premium,Fusion Tops,S,2660,1536,42.3,1197,150,80,271,16,1,Logistics Delay,60,2
2026-03-21,SS26,Libas,Value,Fusion Tops,XS,1040,879,15.5,468,150,60,257,6,0,Size/Fit Issue,17,3.2
2026-01-16,AW25,W,Mid,Fusion Tops,L,2350,1820,22.6,1058,150,22,89,4,1,Style Mismatch,96,4.1
2025-11-11,AW25,FabIndia,Heritage,Kurta Sets,XS,3410,3205,6,1534,150,19,169,0,0,Size/Fit Issue,66,4
2025-10-24,AW25,Libas,Value,Fusion Tops,XXL,560,411,26.6,252,150,83,271,5,0,Size/Fit Issue,42,2.5
2026-02-19,SS26,Libas,Value,Loungewear,M,980,884,9.8,441,150,89,121,16,3,Size/Fit Issue,100,1.2
2025-12-15,AW25,FabIndia,Heritage,Sarees,XS,1210,1024,15.3,544,150,18,197,2,0,Quality Issue,74,3.4
2025-12-07,AW25,Biba,Premium,Fusion Tops,S,2820,1430,49.3,1269,150,48,126,4,1,Style Mismatch,94,2.7
2026-02-22,SS26,Biba,Premium,Sarees,XXL,4030,3634,9.8,1814,150,84,193,11,5,Size/Fit Issue,88,1.9
2026-02-11,SS26,FabIndia,Heritage,Fusion Tops,XL,2930,2086,28.8,1318,150,78,234,12,4,Style Mismatch,20,4.4
2026-03-23,SS26,W,Mid,Kurta Sets,L,1510,718,52.5,680,150,57,178,12,0,Style Mismatch,42,4.8
2025-11-21,AW25,W,Mid,Loungewear,M,1070,970,9.4,482,150,62,75,9,4,Style Mismatch,142,4.5
2026-03-29,SS26,FabIndia,Heritage,Kurta Sets,L,2220,1944,12.4,999,150,93,128,12,6,Logistics Delay,150,3.6
2025-12-13,AW25,Libas,Value,Fusion Tops,M,1280,797,37.7,576,150,101,288,1,2,Size/Fit Issue,146,3.7
2026-01-11,AW25,Biba,Premium,Fusion Tops,M,4130,3433,16.9,1858,150,48,129,9,0,Quality Issue,121,2.9
2026-02-03,SS26,Biba,Premium,Sarees,S,2530,1171,53.7,1138,150,83,147,4,2,Quality Issue,113,2.5
2026-01-13,AW25,FabIndia,Heritage,Loungewear,XS,5220,2893,44.6,2349,150,73,228,15,2,Quality Issue,16,3.5
2025-10-08,AW25,W,Mid,Sarees,S,1040,858,17.5,468,150,13,152,3,0,Size/Fit Issue,116,4.2
2026-01-10,AW25,Biba,Premium,Kurta Sets,S,2820,1990,29.4,1269,150,38,114,7,1,Style Mismatch,114,3.1
2026-03-26,SS26,Biba,Premium,Loungewear,XS,2880,2665,7.5,1296,150,35,149,9,1,Style Mismatch,146,2.8
2026-02-09,SS26,Biba,Premium,Kurta Sets,L,1840,1152,37.4,828,150,51,225,2,3,Style Mismatch,2,4.7
2025-12-10,AW25,FabIndia,Heritage,Fusion Tops,M,4760,3922,17.6,2142,150,54,194,6,3,Style Mismatch,119,2.1
2026-03-19,SS26,Libas,Value,Loungewear,M,720,511,29.1,324,150,57,233,12,3,Size/Fit Issue,86,4
2025-12-16,AW25,W,Mid,Sarees,XL,1780,890,50,801,150,78,154,14,4,Quality Issue,103,4.9
2026-01-16,AW25,FabIndia,Heritage,Fusion Tops,XXL,1290,849,34.2,580,150,43,174,4,2,Style Mismatch,146,3.8
2026-03-21,SS26,Libas,Value,Loungewear,S,1640,1409,14.1,738,150,78,134,3,1,Quality Issue,24,4.1
2026-03-24,SS26,Libas,Value,Kurta Sets,S,1230,1031,16.2,554,150,72,112,18,1,Size/Fit Issue,78,2.9
2026-01-29,AW25,Biba,Premium,Kurta Sets,L,4940,4212,14.7,2223,150,64,125,7,2,Logistics Delay,30,2.4
2025-12-27,AW25,FabIndia,Heritage,Fusion Tops,S,3590,1863,48.1,1616,150,25,36,2,1,Size/Fit Issue,46,3.8
2026-01-24,AW25,Libas,Value,Sarees,S,1680,954,43.2,756,150,26,158,1,0,Style Mismatch,125,3.3
2026-01-07,AW25,Biba,Premium,Kurta Sets,XL,2120,1240,41.5,954,150,74,271,11,3,Size/Fit Issue,3,1.2
2025-12-03,AW25,W,Mid,Loungewear,M,1330,1195,10.1,598,150,92,218,7,0,Size/Fit Issue,128,4.6
2026-02-11,SS26,Libas,Value,Fusion Tops,XXL,770,600,22.1,346,150,66,80,22,0,Logistics Delay,125,4.2
2025-11-28,AW25,W,Mid,Sarees,S,890,583,34.5,400,150,30,105,2,1,Size/Fit Issue,43,4.3
2026-02-14,SS26,Biba,Premium,Kurta Sets,XXL,1740,1084,37.7,783,150,17,148,3,0,Size/Fit Issue,5,3.6
2026-03-29,SS26,W,Mid,Sarees,XXL,840,672,20.1,378,150,92,128,9,4,Size/Fit Issue,25,4.2
2026-02-08,SS26,Biba,Premium,Loungewear,XS,4510,4045,10.3,2030,150,34,148,8,2,Logistics Delay,50,3.1
2025-12-15,AW25,W,Mid,Kurta Sets,XL,2830,1400,50.5,1274,150,82,238,5,0,Size/Fit Issue,123,2.2
2026-03-21,SS26,FabIndia,Heritage,Sarees,XS,5190,4736,8.8,2336,150,41,63,7,1,Logistics Delay,25,2.8
2025-10-26,AW25,W,Mid,Kurta Sets,M,2270,1247,45.1,1022,150,98,143,19,0,Quality Issue,80,1.8
2026-03-19,SS26,W,Mid,Loungewear,M,2590,1224,52.8,1166,150,28,154,2,0,Size/Fit Issue,68,3.2
2025-12-09,AW25,FabIndia,Heritage,Fusion Tops,L,2360,2109,10.7,1062,150,28,150,0,2,Style Mismatch,15,3.7
2025-11-16,AW25,FabIndia,Heritage,Loungewear,XL,1240,643,48.1,558,150,113,189,18,1,Style Mismatch,33,1.8
2026-03-17,SS26,Libas,Value,Kurta Sets,XXL,1570,889,43.4,706,150,127,313,12,9,Quality Issue,147,3.5
2026-03-29,SS26,Biba,Premium,Fusion Tops,XXL,4280,3534,17.4,1926,150,68,80,3,4,Quality Issue,88,3.8
2026-03-14,SS26,W,Mid,Fusion Tops,L,1480,1351,8.7,666,150,52,226,3,4,Size/Fit Issue,125,2.7
2026-01-05,AW25,FabIndia,Heritage,Sarees,XS,4760,3465,27.2,2142,150,87,287,2,3,Size/Fit Issue,146,4.7
2026-03-17,SS26,Biba,Premium,Kurta Sets,L,2990,2787,6.8,1346,150,5,145,0,0,Logistics Delay,140,3.8
2026-02-21,SS26,W,Mid,Fusion Tops,M,2290,1231,46.3,1030,150,106,209,9,6,Style Mismatch,57,4
2026-01-24,AW25,Biba,Premium,Kurta Sets,XXL,2210,2097,5.1,994,150,45,181,8,1,Size/Fit Issue,90,4.4
2025-11-05,AW25,FabIndia,Heritage,Kurta Sets,M,2600,2226,14.4,1170,150,38,154,3,2,Quality Issue,100,2.2
2025-10-12,AW25,Biba,Premium,Fusion Tops,L,4000,2621,34.5,1800,150,33,153,6,0,Quality Issue,129,3.6
2026-02-27,SS26,FabIndia,Heritage,Sarees,XXL,5740,4955,13.7,2583,150,21,129,2,1,Quality Issue,32,3.5
2026-01-16,AW25,W,Mid,Loungewear,L,2200,1022,53.5,990,150,39,228,1,1,Logistics Delay,115,3.5
2026-02-18,SS26,Libas,Value,Sarees,S,930,593,36.2,418,150,75,130,22,0,Quality Issue,74,4.7
2026-02-06,SS26,Libas,Value,Kurta Sets,M,1650,1171,29,742,150,83,201,18,5,Style Mismatch,146,4.3
2025-10-04,AW25,Biba,Premium,Kurta Sets,L,1890,1745,7.7,850,150,33,80,1,2,Logistics Delay,14,3.9
2025-10-16,AW25,Libas,Value,Sarees,XL,560,432,22.9,252,150,24,199,4,1,Style Mismatch,115,2.7
2026-02-21,SS26,FabIndia,Heritage,Sarees,XL,3360,2028,39.6,1512,150,84,235,5,6,Logistics Delay,12,3
2025-10-14,AW25,Biba,Premium,Loungewear,S,3840,1980,48.4,1728,150,56,205,10,3,Quality Issue,113,4.1
2026-03-04,SS26,W,Mid,Sarees,M,2640,2274,13.9,1188,150,33,114,8,1,Size/Fit Issue,19,1.7
2026-02-20,SS26,Libas,Value,Sarees,S,1700,896,47.3,765,150,80,242,12,5,Size/Fit Issue,1,4.5
2025-10-14,AW25,Libas,Value,Fusion Tops,XL,1620,1249,22.9,729,150,96,212,6,1,Size/Fit Issue,81,3.5
2026-02-17,SS26,FabIndia,Heritage,Kurta Sets,M,2810,1428,49.2,1264,150,81,234,5,1,Quality Issue,84,3.6
2026-03-16,SS26,Biba,Premium,Kurta Sets,XXL,2720,1978,27.3,1224,150,14,122,3,0,Logistics Delay,62,4.6
2025-12-05,AW25,Libas,Value,Kurta Sets,XL,1270,880,30.7,572,150,90,121,14,2,Quality Issue,130,3
2025-10-25,AW25,W,Mid,Kurta Sets,XXL,1070,904,15.5,482,150,72,271,23,1,Quality Issue,54,4.3
2026-01-20,AW25,Biba,Premium,Sarees,XS,3180,1881,40.8,1431,150,25,93,0,0,Size/Fit Issue,9,1.9
2025-12-06,AW25,FabIndia,Heritage,Fusion Tops,L,4310,3161,26.7,1940,150,75,275,9,3,Quality Issue,4,3.8
2026-02-27,SS26,Biba,Premium,Kurta Sets,M,3360,3014,10.3,1512,150,18,35,1,1,Style Mismatch,77,4.2
2026-01-30,AW25,W,Mid,Sarees,S,2400,1324,44.8,1080,150,70,266,18,0,Quality Issue,139,4.4
2026-03-15,SS26,Libas,Value,Kurta Sets,XL,1640,1442,12.1,738,150,5,68,0,0,Style Mismatch,10,2
2025-12-28,AW25,W,Mid,Fusion Tops,XXL,2900,2548,12.1,1305,150,39,194,9,0,Size/Fit Issue,47,3.9
2025-10-14,AW25,FabIndia,Heritage,Kurta Sets,M,1550,1278,17.5,698,150,99,134,8,2,Size/Fit Issue,50,3.9
2025-12-12,AW25,Biba,Premium,Sarees,M,3290,2384,27.5,1480,150,111,164,3,5,Quality Issue,78,4.6
2025-10-02,AW25,Libas,Value,Sarees,S,1390,1128,18.8,626,150,28,116,6,0,Style Mismatch,92,3.3
2026-02-02,SS26,Biba,Premium,Sarees,XXL,3780,3436,9.1,1701,150,25,221,7,0,Quality Issue,71,3.8
2025-10-20,AW25,Biba,Premium,Kurta Sets,XL,3670,2743,25.3,1652,150,12,60,1,0,Logistics Delay,54,3.4
2026-01-02,AW25,FabIndia,Heritage,Sarees,XL,3380,2985,11.7,1521,150,82,249,1,2,Size/Fit Issue,128,2.7
2026-03-25,SS26,W,Mid,Sarees,L,1450,1248,14,652,150,27,161,5,1,Style Mismatch,144,2.6
2025-11-29,AW25,Biba,Premium,Loungewear,M,2260,2099,7.1,1017,150,78,99,14,2,Style Mismatch,52,3.4
2025-10-11,AW25,Libas,Value,Kurta Sets,XXL,1570,994,36.7,706,150,58,218,15,2,Size/Fit Issue,70,3.2
2026-03-17,SS26,Biba,Premium,Loungewear,L,2210,1529,30.8,994,150,71,116,7,2,Quality Issue,90,3.5
2026-01-21,AW25,W,Mid,Sarees,XS,2910,1828,37.2,1310,150,37,105,2,1,Quality Issue,54,2.2
2026-01-15,AW25,Libas,Value,Kurta Sets,L,1480,1052,29,666,150,81,252,0,0,Style Mismatch,41,2.4
2026-02-09,SS26,Biba,Premium,Sarees,XS,1980,1625,17.9,891,150,90,284,28,4,Style Mismatch,46,1.5
2026-03-19,SS26,Libas,Value,Kurta Sets,S,1420,918,35.3,639,150,100,156,5,6,Quality Issue,120,4.1
2026-03-09,SS26,Libas,Value,Sarees,XXL,1200,587,51.1,540,150,60,199,10,0,Size/Fit Issue,17,3.5
2026-03-25,SS26,FabIndia,Heritage,Sarees,XL,1790,1542,13.9,806,150,88,252,7,0,Style Mismatch,9,2.3
2026-02-16,SS26,Biba,Premium,Fusion Tops,XL,3020,2310,23.5,1359,150,97,196,8,7,Style Mismatch,11,4.1
2026-02-28,SS26,Biba,Premium,Fusion Tops,S,2340,1665,28.9,1053,150,21,212,1,1,Style Mismatch,59,2.5
2025-10-02,AW25,Biba,Premium,Kurta Sets,L,3980,3372,15.3,1791,150,70,217,5,0,Quality Issue,80,2.8
2026-01-17,AW25,Libas,Value,Loungewear,XXL,1310,750,42.7,590,150,123,197,43,4,Size/Fit Issue,105,3.6
2025-12-18,AW25,Libas,Value,Fusion Tops,XXL,780,408,47.7,351,150,58,170,11,3,Size/Fit Issue,30,2.6
2025-12-26,AW25,Biba,Premium,Sarees,L,3900,3695,5.3,1755,150,24,128,2,1,Size/Fit Issue,23,2.8
2025-10-21,AW25,Biba,Premium,Fusion Tops,L,3810,2369,37.8,1714,150,18,79,3,1,Quality Issue,73,3.3
2026-03-18,SS26,Libas,Value,Sarees,XS,1730,1202,30.5,778,150,37,69,11,1,Style Mismatch,59,4.7
2025-12-10,AW25,FabIndia,Heritage,Loungewear,XXL,4240,3168,25.3,1908,150,97,292,0,5,Logistics Delay,51,3.6
2026-02-21,SS26,Libas,Value,Loungewear,M,960,621,35.3,432,150,96,133,29,4,Size/Fit Issue,49,3.2
2026-02-21,SS26,Biba,Premium,Loungewear,M,1780,976,45.1,801,150,122,276,20,5,Quality Issue,65,4.7
2026-02-01,SS26,W,Mid,Loungewear,L,2690,1350,49.8,1210,150,115,298,3,0,Quality Issue,7,4.9
2026-03-29,SS26,W,Mid,Loungewear,L,2240,1550,30.8,1008,150,55,84,3,0,Quality Issue,2,4.2
2026-02-19,SS26,W,Mid,Fusion Tops,M,2250,1892,15.9,1012,150,48,246,2,2,Logistics Delay,146,2.5
2025-11-21,AW25,W,Mid,Sarees,M,1640,1370,16.5,738,150,62,241,2,0,Logistics Delay,63,3.9
2026-02-04,SS26,Biba,Premium,Kurta Sets,L,2820,1804,36,1269,150,120,201,21,4,Logistics Delay,126,4.5
2026-01-10,AW25,W,Mid,Sarees,XS,2950,1624,45,1328,150,123,250,1,3,Quality Issue,122,4.1
2025-10-31,AW25,FabIndia,Heritage,Loungewear,XXL,1070,1010,5.6,482,150,57,207,9,1,Style Mismatch,53,2.8
2025-12-07,AW25,W,Mid,Loungewear,L,2200,1687,23.3,990,150,79,160,4,4,Style Mismatch,127,4.3
2026-01-24,AW25,W,Mid,Sarees,XL,1740,945,45.7,783,150,58,257,8,3,Size/Fit Issue,69,4.2
2025-11-08,AW25,FabIndia,Heritage,Kurta Sets,S,4450,3116,30,2002,150,105,260,13,6,Style Mismatch,132,3.6
2025-10-13,AW25,FabIndia,Heritage,Kurta Sets,XXL,2340,2153,8,1053,150,72,174,18,0,Quality Issue,65,2.8
2026-02-21,SS26,Libas,Value,Loungewear,XS,1340,1192,11.1,603,150,90,190,23,4,Size/Fit Issue,50,4.1
2025-12-23,AW25,FabIndia,Heritage,Fusion Tops,XS,4120,2650,35.7,1854,150,35,201,9,1,Logistics Delay,118,3.3
2026-02-24,SS26,FabIndia,Heritage,Kurta Sets,XS,2330,1813,22.2,1048,150,59,182,11,3,Style Mismatch,80,3.2
2026-01-01,AW25,FabIndia,Heritage,Fusion Tops,S,2500,1307,47.7,1125,150,60,112,7,4,Quality Issue,32,2
2026-01-10,AW25,Biba,Premium,Kurta Sets,XS,4900,3496,28.7,2205,150,11,179,2,0,Logistics Delay,13,2.1
2025-11-09,AW25,Biba,Premium,Fusion Tops,M,2240,1851,17.4,1008,150,76,255,9,0,Quality Issue,72,1.6
2025-12-31,AW25,Libas,Value,Fusion Tops,L,1610,777,51.7,724,150,108,234,4,8,Style Mismatch,140,3.7
2026-03-11,SS26,FabIndia,Heritage,Loungewear,M,4940,3360,32,2223,150,90,233,4,2,Size/Fit Issue,22,1.4
2025-11-04,AW25,Libas,Value,Loungewear,L,1590,1504,5.4,716,150,71,82,7,4,Quality Issue,125,3.7
2026-02-18,SS26,Libas,Value,Sarees,L,1650,1207,26.9,742,150,35,65,8,1,Quality Issue,63,2.7
2026-01-17,AW25,W,Mid,Loungewear,M,2980,1626,45.4,1341,150,48,216,11,0,Size/Fit Issue,105,3.8
2026-01-24,AW25,Libas,Value,Fusion Tops,S,1160,1091,6,522,150,79,201,0,6,Size/Fit Issue,12,2.2
2025-10-03,AW25,W,Mid,Kurta Sets,S,860,605,29.7,387,150,83,101,6,5,Logistics Delay,87,3.4
2025-12-24,AW25,Biba,Premium,Sarees,XS,2390,1344,43.8,1076,150,122,135,18,1,Quality Issue,18,4.2
2025-11-01,AW25,W,Mid,Fusion Tops,L,1810,1052,41.9,814,150,48,179,5,2,Style Mismatch,8,4.7
2026-01-08,AW25,Libas,Value,Loungewear,S,1790,1049,41.4,806,150,115,138,4,4,Size/Fit Issue,140,3.1
2026-03-20,SS26,W,Mid,Kurta Sets,S,2580,2032,21.2,1161,150,52,210,8,1,Size/Fit Issue,42,4.7
2026-03-26,SS26,FabIndia,Heritage,Sarees,M,1730,1428,17.4,778,150,20,45,2,0,Logistics Delay,127,4.1
2025-10-16,AW25,Libas,Value,Sarees,XXL,1600,887,44.6,720,150,111,233,11,8,Quality Issue,32,4.1
2025-11-19,AW25,Biba,Premium,Fusion Tops,M,4270,3769,11.7,1922,150,78,233,11,3,Style Mismatch,10,3.5
2025-11-17,AW25,Libas,Value,Loungewear,XXL,1460,1186,18.8,657,150,32,135,0,0,Size/Fit Issue,141,2.8
2026-01-25,AW25,Biba,Premium,Fusion Tops,XXL,2060,1048,49.1,927,150,60,118,6,0,Logistics Delay,93,4.2
2026-02-12,SS26,FabIndia,Heritage,Sarees,XL,3320,2618,21.1,1494,150,25,80,0,1,Size/Fit Issue,82,4.5
2025-10-09,AW25,W,Mid,Kurta Sets,L,1580,1423,9.9,711,150,62,165,11,2,Quality Issue,146,2.8
2025-11-26,AW25,Biba,Premium,Kurta Sets,S,3980,2803,29.6,1791,150,92,208,15,0,Style Mismatch,20,4.5
2026-01-03,AW25,Biba,Premium,Loungewear,XL,1460,851,41.7,657,150,22,168,4,1,Size/Fit Issue,77,4
2026-01-07,AW25,W,Mid,Sarees,XL,1820,1210,33.5,819,150,114,215,23,3,Size/Fit Issue,45,3.8
2026-03-22,SS26,FabIndia,Heritage,Fusion Tops,XS,2360,1307,44.6,1062,150,93,193,14,4,Style Mismatch,140,3.7
2025-12-20,AW25,Libas,Value,Loungewear,L,1800,1322,26.5,810,150,48,123,8,0,Quality Issue,82,4.5
2026-01-01,AW25,FabIndia,Heritage,Fusion Tops,L,1000,587,41.3,450,150,11,77,1,0,Style Mismatch,72,2.9
2025-11-24,AW25,Libas,Value,Kurta Sets,XXL,1060,520,51,477,150,134,183,34,6,Size/Fit Issue,130,3.4
2025-11-05,AW25,Libas,Value,Loungewear,XL,1010,842,16.6,454,150,19,112,3,0,Size/Fit Issue,76,2
2026-02-01,SS26,W,Mid,Fusion Tops,XXL,1190,776,34.8,536,150,13,108,3,0,Size/Fit Issue,76,1.8
2025-12-29,AW25,FabIndia,Heritage,Fusion Tops,XS,2860,1648,42.4,1287,150,86,179,1,3,Size/Fit Issue,2,3.6
2026-02-06,SS26,W,Mid,Sarees,XS,2410,1119,53.6,1084,150,124,220,4,4,Quality Issue,147,2.4
2025-10-22,AW25,FabIndia,Heritage,Kurta Sets,XL,4270,3496,18.1,1922,150,87,147,6,4,Quality Issue,102,3.4
2026-02-02,SS26,FabIndia,Heritage,Sarees,XL,5290,4374,17.3,2380,150,49,230,6,1,Logistics Delay,18,2.1
2026-01-14,AW25,FabIndia,Heritage,Loungewear,M,2560,2021,21,1152,150,57,226,1,1,Quality Issue,6,4.2
2025-11-07,AW25,FabIndia,Heritage,Kurta Sets,S,2630,1597,39.3,1184,150,23,106,0,0,Logistics Delay,39,4.5
2025-10-04,AW25,Libas,Value,Kurta Sets,M,1420,1014,28.6,639,150,44,194,10,0,Style Mismatch,84,4.1
2026-02-01,SS26,W,Mid,Kurta Sets,L,2960,2748,7.2,1332,150,13,190,0,0,Quality Issue,43,1.8
2025-10-03,AW25,Biba,Premium,Fusion Tops,XXL,2410,1491,38.1,1084,150,28,135,0,1,Style Mismatch,92,2.7
2026-02-08,SS26,Biba,Premium,Loungewear,L,4850,3160,34.9,2182,150,42,62,1,3,Style Mismatch,22,4
2025-12-03,AW25,Libas,Value,Loungewear,L,1300,751,42.2,585,150,80,218,18,2,Style Mismatch,4,4.9
2025-12-10,AW25,Biba,Premium,Loungewear,L,4950,2228,55,2228,150,138,183,27,2,Style Mismatch,7,3.2
2025-10-23,AW25,FabIndia,Heritage,Sarees,L,2970,1971,33.6,1336,150,66,111,10,1,Style Mismatch,109,2.6
2026-02-26,SS26,W,Mid,Sarees,M,2940,1456,50.5,1323,150,40,186,7,1,Size/Fit Issue,110,1.9
2025-10-31,AW25,W,Mid,Loungewear,S,920,522,43.3,414,150,93,292,7,5,Quality Issue,105,3.8
2025-12-10,AW25,W,Mid,Sarees,XS,1340,1149,14.2,603,150,93,123,22,4,Size/Fit Issue,68,1.6
2026-03-26,SS26,FabIndia,Heritage,Sarees,XL,5950,4258,28.4,2678,150,39,57,5,1,Size/Fit Issue,95,2.5
2026-01-13,AW25,Biba,Premium,Loungewear,L,2210,1279,42.1,994,150,50,185,0,3,Logistics Delay,51,4.3
2026-03-26,SS26,Libas,Value,Fusion Tops,S,1370,1024,25.2,616,150,73,220,17,2,Logistics Delay,10,3.7
2026-02-12,SS26,Biba,Premium,Kurta Sets,L,3170,1701,46.4,1426,150,61,203,6,1,Quality Issue,10,3.6
2026-03-11,SS26,Biba,Premium,Sarees,M,3100,2328,24.9,1395,150,56,198,5,1,Quality Issue,77,1.8
2025-11-06,AW25,FabIndia,Heritage,Fusion Tops,XS,5100,4556,10.7,2295,150,85,246,3,2,Style Mismatch,149,2.5
2025-11-21,AW25,FabIndia,Heritage,Kurta Sets,M,3650,2205,39.6,1642,150,31,222,0,1,Quality Issue,41,2
2026-01-07,AW25,W,Mid,Fusion Tops,XL,2360,2190,7.2,1062,150,52,107,7,2,Size/Fit Issue,43,4.3
2025-10-14,AW25,FabIndia,Heritage,Loungewear,M,4650,3746,19.4,2092,150,25,38,4,1,Size/Fit Issue,46,4.1
2026-01-26,AW25,FabIndia,Heritage,Fusion Tops,XL,1050,678,35.4,472,150,53,216,2,2,Style Mismatch,126,3.3
2026-03-03,SS26,Biba,Premium,Sarees,XL,2440,1562,36,1098,150,47,65,0,0,Quality Issue,142,1.7
2026-03-20,SS26,Libas,Value,Loungewear,XS,600,537,10.4,270,150,28,181,8,1,Style Mismatch,45,3.7
2025-11-15,AW25,FabIndia,Heritage,Loungewear,XS,1760,996,43.4,792,150,85,111,22,5,Quality Issue,82,4.2
2025-12-14,AW25,FabIndia,Heritage,Sarees,XS,3250,2553,21.5,1462,150,95,266,5,1,Size/Fit Issue,105,3.7
2026-02-13,SS26,Biba,Premium,Fusion Tops,XXL,4120,2668,35.2,1854,150,90,190,18,2,Style Mismatch,73,4.9
2025-11-03,AW25,FabIndia,Heritage,Fusion Tops,L,2470,1255,49.2,1112,150,72,112,12,0,Size/Fit Issue,59,3.8
2025-11-23,AW25,FabIndia,Heritage,Fusion Tops,XS,3730,2891,22.5,1678,150,8,94,1,0,Size/Fit Issue,54,1.9
2026-02-07,SS26,Libas,Value,Kurta Sets,XS,1180,920,22.1,531,150,10,142,3,0,Quality Issue,145,4.5
2026-01-30,AW25,Biba,Premium,Sarees,L,1940,1235,36.4,873,150,72,215,6,4,Logistics Delay,137,1.8
2025-12-16,AW25,Libas,Value,Kurta Sets,S,1680,1020,39.3,756,150,20,190,6,0,Size/Fit Issue,90,4.8
2026-02-14,SS26,W,Mid,Fusion Tops,S,1280,663,48.2,576,150,77,182,14,1,Size/Fit Issue,78,4.3
2026-01-24,AW25,Libas,Value,Sarees,XL,1120,966,13.8,504,150,10,143,2,0,Style Mismatch,95,1.6
2026-02-06,SS26,W,Mid,Sarees,M,2780,1623,41.6,1251,150,71,213,14,0,Logistics Delay,134,4.2
2026-03-23,SS26,W,Mid,Sarees,XXL,950,684,28,428,150,26,58,0,1,Style Mismatch,133,3.7
2025-12-25,AW25,FabIndia,Heritage,Kurta Sets,XS,5260,2982,43.3,2367,150,11,70,1,0,Quality Issue,79,3
2025-12-13,AW25,Libas,Value,Loungewear,L,740,602,18.6,333,150,51,199,1,3,Style Mismatch,40,2.1
2025-12-29,AW25,Libas,Value,Loungewear,S,1080,716,33.7,486,150,21,38,2,1,Style Mismatch,43,1.8
2026-01-29,AW25,Biba,Premium,Kurta Sets,L,1520,1379,9.3,684,150,30,154,4,2,Quality Issue,100,3.9
2026-03-07,SS26,Libas,Value,Loungewear,M,900,534,40.6,405,150,24,212,7,1,Style Mismatch,136,2.3
2026-01-28,AW25,Biba,Premium,Fusion Tops,M,4100,2574,37.2,1845,150,101,204,4,1,Logistics Delay,119,3.8
2026-01-09,AW25,W,Mid,Loungewear,M,2660,1879,29.4,1197,150,93,192,2,3,Quality Issue,16,2.9
2026-03-04,SS26,W,Mid,Kurta Sets,L,1240,976,21.3,558,150,56,206,8,1,Style Mismatch,18,3.8
2025-11-10,AW25,FabIndia,Heritage,Fusion Tops,XS,3790,3206,15.4,1706,150,73,254,12,1,Style Mismatch,110,2.5
2025-10-20,AW25,FabIndia,Heritage,Kurta Sets,XL,5880,4225,28.1,2646,150,24,61,3,0,Logistics Delay,142,1.9
2026-03-25,SS26,FabIndia,Heritage,Loungewear,L,1500,1357,9.5,675,150,90,138,14,4,Size/Fit Issue,35,2.3
2026-01-24,AW25,Libas,Value,Fusion Tops,XL,1680,1220,27.4,756,150,63,184,6,4,Quality Issue,52,4.5
2025-12-28,AW25,Biba,Premium,Kurta Sets,XL,3390,2535,25.2,1526,150,57,210,0,4,Logistics Delay,32,1.1
2025-12-31,AW25,Biba,Premium,Loungewear,XS,2260,1659,26.6,1017,150,62,116,14,2,Size/Fit Issue,100,2.6
2026-01-30,AW25,W,Mid,Sarees,XL,2370,1252,47.2,1066,150,99,127,4,7,Quality Issue,92,2.3
2026-03-15,SS26,Biba,Premium,Sarees,XXL,4920,3477,29.3,2214,150,31,219,0,1,Size/Fit Issue,111,3.4
2026-03-04,SS26,FabIndia,Heritage,Sarees,L,5170,3815,26.2,2326,150,75,272,4,1,Quality Issue,115,3.7
2025-11-30,AW25,Libas,Value,Fusion Tops,XL,1680,1288,23.3,756,150,103,133,16,3,Style Mismatch,9,4.6
2025-11-06,AW25,Libas,Value,Fusion Tops,XL,660,454,31.2,297,150,52,224,8,3,Logistics Delay,22,2
2026-02-16,SS26,Libas,Value,Kurta Sets,M,1590,892,43.9,716,150,104,189,17,3,Quality Issue,120,3.3
2025-12-14,AW25,W,Mid,Kurta Sets,XXL,2040,1196,41.3,918,150,61,145,1,2,Size/Fit Issue,144,1.8
2026-03-09,SS26,Biba,Premium,Loungewear,L,1640,1454,11.3,738,150,46,245,2,2,Size/Fit Issue,19,2.8
2025-10-29,AW25,W,Mid,Sarees,XXL,2630,2012,23.5,1184,150,51,69,15,0,Size/Fit Issue,44,3.6
2025-12-27,AW25,Biba,Premium,Sarees,XL,4660,4068,12.7,2097,150,67,130,10,1,Style Mismatch,126,3.8
2026-02-25,SS26,Libas,Value,Kurta Sets,XXL,1040,595,42.8,468,150,18,164,1,0,Size/Fit Issue,29,4
2025-11-29,AW25,FabIndia,Heritage,Fusion Tops,L,3150,2764,12.3,1418,150,7,152,0,0,Style Mismatch,111,3
2026-03-24,SS26,Biba,Premium,Kurta Sets,XL,3910,3023,22.7,1760,150,52,162,3,1,Size/Fit Issue,110,3.8
2026-01-27,AW25,W,Mid,Sarees,XL,2180,1332,38.9,981,150,71,106,10,3,Quality Issue,46,1.4
2026-02-12,SS26,Biba,Premium,Fusion Tops,M,2200,1292,41.3,990,150,46,111,0,2,Size/Fit Issue,64,3.7
2026-03-03,SS26,Biba,Premium,Kurta Sets,XS,4810,3115,35.2,2164,150,117,202,31,1,Size/Fit Issue,96,2.5
2026-01-28,AW25,Biba,Premium,Fusion Tops,M,4450,3277,26.3,2002,150,51,146,1,0,Quality Issue,82,3.2
2025-10-16,AW25,Libas,Value,Loungewear,S,1400,1281,8.5,630,150,61,126,3,2,Size/Fit Issue,51,4.1
2026-03-07,SS26,Biba,Premium,Fusion Tops,XXL,2360,2120,10.2,1062,150,16,64,3,0,Size/Fit Issue,18,4.4
2026-03-17,SS26,Biba,Premium,Kurta Sets,XXL,2900,2369,18.3,1305,150,70,191,13,2,Logistics Delay,84,3.5
2026-01-12,AW25,Biba,Premium,Sarees,XS,2870,1357,52.7,1292,150,35,147,6,2,Size/Fit Issue,123,3.9
2025-10-15,AW25,Biba,Premium,Loungewear,XL,4790,2249,53,2156,150,113,221,18,2,Size/Fit Issue,20,3.6
2026-03-19,SS26,W,Mid,Loungewear,XXL,2400,1204,49.8,1080,150,117,176,3,5,Quality Issue,91,2.3
2025-10-07,AW25,W,Mid,Fusion Tops,L,1060,587,44.6,477,150,113,132,16,7,Style Mismatch,78,4.9
2025-12-26,AW25,Biba,Premium,Loungewear,XXL,1470,1098,25.3,662,150,97,255,14,5,Quality Issue,54,2.4
2025-11-29,AW25,Biba,Premium,Kurta Sets,XXL,1880,1326,29.4,846,150,93,106,27,4,Size/Fit Issue,4,3.8
2025-11-14,AW25,Biba,Premium,Loungewear,XS,3170,2043,35.6,1426,150,27,88,1,1,Style Mismatch,16,1.9
2026-01-18,AW25,Libas,Value,Fusion Tops,M,750,347,53.8,338,150,133,294,6,8,Quality Issue,147,4.1
2025-11-14,AW25,Libas,Value,Kurta Sets,XS,1060,932,12.1,477,150,30,50,9,1,Size/Fit Issue,106,4.5
2025-11-04,AW25,Biba,Premium,Fusion Tops,S,1360,694,49,612,150,8,90,0,0,Quality Issue,20,3.7
2026-01-15,AW25,FabIndia,Heritage,Sarees,S,2170,1367,37,976,150,96,152,7,7,Quality Issue,133,1.7
2026-02-05,SS26,Biba,Premium,Loungewear,M,3010,2853,5.2,1354,150,31,179,0,1,Size/Fit Issue,60,3.1
2026-02-07,SS26,W,Mid,Fusion Tops,XXL,1650,1339,18.8,742,150,24,79,7,1,Logistics Delay,49,3.4
2025-11-10,AW25,Biba,Premium,Kurta Sets,XXL,2790,2253,19.3,1256,150,47,246,5,3,Quality Issue,111,1.7
2025-10-14,AW25,W,Mid,Sarees,XS,2780,1925,30.7,1251,150,51,234,14,2,Size/Fit Issue,18,2.6
2025-12-23,AW25,W,Mid,Kurta Sets,M,1730,1559,9.9,778,150,34,155,3,0,Style Mismatch,105,3.5
2025-11-07,AW25,W,Mid,Fusion Tops,S,2380,1817,23.7,1071,150,39,226,6,3,Size/Fit Issue,117,2.3
2026-02-23,SS26,Biba,Premium,Loungewear,S,1750,917,47.6,788,150,99,272,3,2,Logistics Delay,117,3.7
2026-03-06,SS26,W,Mid,Sarees,XS,2480,1293,47.8,1116,150,54,252,12,3,Size/Fit Issue,125,4
2025-12-03,AW25,W,Mid,Loungewear,L,1710,862,49.6,770,150,136,333,32,4,Size/Fit Issue,38,4.8
2026-02-07,SS26,Biba,Premium,Fusion Tops,XL,2910,2067,29,1310,150,88,202,9,0,Quality Issue,25,3.9
2025-11-25,AW25,W,Mid,Loungewear,M,1780,1115,37.4,801,150,10,169,1,0,Quality Issue,23,4.3
2025-10-07,AW25,FabIndia,Heritage,Fusion Tops,S,4320,3705,14.2,1944,150,77,263,9,0,Quality Issue,94,3.2
2025-12-25,AW25,Biba,Premium,Loungewear,L,4380,3570,18.5,1971,150,99,297,16,6,Size/Fit Issue,138,4.3
2025-10-15,AW25,Libas,Value,Kurta Sets,XS,1280,982,23.3,576,150,68,130,11,3,Quality Issue,10,3.6
2025-11-05,AW25,Libas,Value,Sarees,XL,730,457,37.5,328,150,48,186,11,2,Style Mismatch,148,4.4
2026-03-24,SS26,FabIndia,Heritage,Loungewear,XS,1520,1161,23.6,684,150,90,236,13,5,Style Mismatch,115,3.6
2025-12-14,AW25,FabIndia,Heritage,Loungewear,XXL,1540,1318,14.4,693,150,19,56,0,1,Size/Fit Issue,117,4.6
2025-11-12,AW25,Libas,Value,Kurta Sets,XXL,800,561,29.8,360,150,102,145,43,0,Size/Fit Issue,52,3.9
2026-01-30,AW25,Libas,Value,Fusion Tops,L,540,434,19.6,243,150,9,124,2,0,Logistics Delay,16,3.8
2026-02-26,SS26,Libas,Value,Loungewear,L,1710,1055,38.3,770,150,118,171,17,2,Size/Fit Issue,135,4.1
2025-12-06,AW25,W,Mid,Fusion Tops,M,1980,1119,43.5,891,150,38,230,3,1,Size/Fit Issue,12,4.5
2026-02-15,SS26,Libas,Value,Sarees,S,810,704,13.1,364,150,11,73,3,0,Style Mismatch,29,3.1
2026-02-21,SS26,Biba,Premium,Loungewear,M,1900,1451,23.6,855,150,33,80,3,0,Size/Fit Issue,138,4.5
2026-01-26,AW25,Libas,Value,Sarees,XS,1620,749,53.8,729,150,75,231,15,1,Logistics Delay,84,4.7
2026-03-20,SS26,W,Mid,Fusion Tops,M,1260,736,41.6,567,150,35,101,6,0,Size/Fit Issue,10,3.8
2026-01-23,AW25,Libas,Value,Kurta Sets,M,610,394,35.4,274,150,120,151,20,7,Quality Issue,49,2.6
2026-02-15,SS26,FabIndia,Heritage,Kurta Sets,XL,4230,3607,14.7,1904,150,85,204,14,6,Style Mismatch,81,2.4
2026-01-03,AW25,FabIndia,Heritage,Loungewear,XS,3330,2589,22.2,1498,150,82,198,21,0,Quality Issue,78,3.3
2026-01-22,AW25,Libas,Value,Sarees,XXL,1370,802,41.4,616,150,35,179,13,1,Size/Fit Issue,106,2.9
2025-12-25,AW25,Biba,Premium,Fusion Tops,XS,1330,991,25.5,598,150,80,141,4,2,Style Mismatch,69,4.4
2025-11-17,AW25,FabIndia,Heritage,Loungewear,XL,5020,4663,7.1,2259,150,87,97,4,3,Style Mismatch,77,1.6
2025-11-09,AW25,Libas,Value,Loungewear,XXL,1470,1305,11.2,662,150,67,147,5,4,Style Mismatch,73,1.6
2026-02-04,SS26,Biba,Premium,Loungewear,XL,3270,2182,33.3,1472,150,97,111,19,6,Style Mismatch,66,4
2025-12-06,AW25,W,Mid,Kurta Sets,S,2110,1518,28.1,950,150,71,172,3,1,Style Mismatch,34,4.4
2025-10-13,AW25,Libas,Value,Loungewear,XL,660,457,30.7,297,150,24,209,4,0,Style Mismatch,46,3
2025-12-17,AW25,Libas,Value,Loungewear,XS,1590,1049,34,716,150,9,60,0,0,Quality Issue,36,3.3
2025-10-27,AW25,W,Mid,Sarees,XL,1700,908,46.6,765,150,122,238,27,6,Quality Issue,143,4.2
2026-01-26,AW25,Biba,Premium,Kurta Sets,S,1370,973,29,616,150,73,170,2,2,Logistics Delay,79,3.5
2025-11-14,AW25,Libas,Value,Kurta Sets,XXL,740,621,16.1,333,150,42,80,5,0,Logistics Delay,36,3.3
2025-10-20,AW25,Biba,Premium,Fusion Tops,L,1470,1252,14.8,662,150,85,172,10,3,Logistics Delay,8,1.7
2026-03-20,SS26,Biba,Premium,Kurta Sets,XS,3760,3186,15.3,1692,150,34,115,7,0,Size/Fit Issue,51,4
2026-02-26,SS26,Libas,Value,Loungewear,S,1520,851,44,684,150,114,179,21,0,Style Mismatch,61,1.4
2025-11-19,AW25,Libas,Value,Sarees,XL,510,236,53.7,230,150,57,114,17,3,Style Mismatch,25,3.9
2026-01-21,AW25,Biba,Premium,Sarees,M,2850,2103,26.2,1282,150,47,190,4,2,Style Mismatch,131,3.4
2025-11-04,AW25,FabIndia,Heritage,Loungewear,XXL,3360,2256,32.9,1512,150,22,111,2,0,Size/Fit Issue,10,3.7
2026-03-25,SS26,FabIndia,Heritage,Sarees,XL,4340,3492,19.5,1953,150,37,141,5,2,Quality Issue,109,4.5
2025-11-15,AW25,Biba,Premium,Fusion Tops,XXL,1730,1301,24.8,778,150,20,219,0,0,Style Mismatch,133,4.7
2025-11-13,AW25,Biba,Premium,Loungewear,S,2690,2286,15,1210,150,24,182,1,0,Style Mismatch,103,4.1
2026-03-01,SS26,Libas,Value,Fusion Tops,M,1470,906,38.3,662,150,105,240,17,1,Style Mismatch,103,2.2
2026-02-05,SS26,W,Mid,Sarees,XS,1210,703,41.9,544,150,110,159,29,8,Size/Fit Issue,17,3.9
2025-12-17,AW25,Biba,Premium,Kurta Sets,XXL,4380,3022,31,1971,150,93,190,6,4,Style Mismatch,126,2.8
2026-02-16,SS26,Biba,Premium,Kurta Sets,L,4900,2413,50.7,2205,150,109,261,7,3,Style Mismatch,98,1.6
2026-03-18,SS26,Libas,Value,Sarees,L,1380,1218,11.7,621,150,78,226,19,3,Style Mismatch,99,3.6
2026-02-24,SS26,FabIndia,Heritage,Fusion Tops,XL,2280,1588,30.3,1026,150,55,137,4,4,Quality Issue,100,3.1
2025-12-22,AW25,Biba,Premium,Kurta Sets,XL,1480,1311,11.4,666,150,57,164,9,2,Quality Issue,93,3.8
2025-10-25,AW25,FabIndia,Heritage,Loungewear,M,4370,3384,22.6,1966,150,48,136,2,1,Size/Fit Issue,62,3.9
2025-10-30,AW25,Libas,Value,Sarees,XS,1600,1259,21.3,720,150,77,237,19,5,Size/Fit Issue,117,3.9
2025-10-06,AW25,Libas,Value,Fusion Tops,XL,1300,1025,21.1,585,150,88,268,2,4,Style Mismatch,25,3.5
2025-12-26,AW25,W,Mid,Loungewear,M,2580,2191,15.1,1161,150,89,156,5,1,Size/Fit Issue,19,3.7
2026-03-09,SS26,Biba,Premium,Kurta Sets,XL,2680,2180,18.7,1206,150,92,179,9,1,Quality Issue,145,3.8
2026-02-07,SS26,Libas,Value,Fusion Tops,XXL,1600,1269,20.7,720,150,73,87,8,3,Style Mismatch,106,3.6
2026-03-10,SS26,W,Mid,Fusion Tops,S,2710,2211,18.4,1220,150,76,204,19,4,Size/Fit Issue,136,2.6
2025-11-07,AW25,W,Mid,Sarees,XXL,2030,1072,47.2,914,150,76,154,25,5,Style Mismatch,105,4.3
2025-12-13,AW25,W,Mid,Loungewear,XXL,1770,1322,25.3,796,150,33,186,2,0,Quality Issue,29,3.4
2026-01-20,AW25,FabIndia,Heritage,Kurta Sets,S,2300,1871,18.6,1035,150,48,68,6,1,Style Mismatch,7,3.8
2026-02-02,SS26,Biba,Premium,Kurta Sets,XS,2580,1675,35.1,1161,150,86,281,25,4,Quality Issue,16,3.2
2025-11-05,AW25,W,Mid,Kurta Sets,XL,2850,1378,51.6,1282,150,140,210,35,10,Size/Fit Issue,133,4.4
2026-03-03,SS26,Biba,Premium,Loungewear,M,4710,3098,34.2,2120,150,52,132,10,0,Size/Fit Issue,99,2.6
2026-01-21,AW25,FabIndia,Heritage,Loungewear,XL,1460,1029,29.5,657,150,27,74,1,0,Quality Issue,95,4.6
2026-01-01,AW25,FabIndia,Heritage,Loungewear,M,1170,734,37.3,526,150,17,106,2,1,Size/Fit Issue,8,3.6
2026-03-13,SS26,Libas,Value,Kurta Sets,XL,980,511,47.9,441,150,10,43,3,0,Logistics Delay,99,2.8
2025-11-30,AW25,Libas,Value,Sarees,S,1400,888,36.6,630,150,13,211,1,0,Quality Issue,104,3.5
2026-01-14,AW25,Libas,Value,Fusion Tops,XS,830,499,39.9,374,150,20,146,3,0,Quality Issue,129,4
2026-03-27,SS26,Biba,Premium,Kurta Sets,XXL,3930,3372,14.2,1768,150,26,64,0,0,Size/Fit Issue,113,3.7
2025-11-10,AW25,W,Mid,Sarees,XL,2480,1373,44.6,1116,150,103,196,13,6,Size/Fit Issue,81,3.9
2025-12-12,AW25,W,Mid,Kurta Sets,L,2300,1976,14.1,1035,150,94,264,5,7,Logistics Delay,96,3.8
2025-11-28,AW25,Biba,Premium,Fusion Tops,S,2370,1421,40.1,1066,150,17,121,1,0,Size/Fit Issue,43,2.1
2025-11-13,AW25,Biba,Premium,Kurta Sets,XXL,3450,2527,26.8,1552,150,95,173,3,5,Size/Fit Issue,116,4.3
2025-12-13,AW25,FabIndia,Heritage,Fusion Tops,S,4530,2364,47.8,2038,150,70,87,9,1,Size/Fit Issue,55,4.1
2025-12-14,AW25,Libas,Value,Sarees,XL,1420,705,50.4,639,150,138,230,31,5,Size/Fit Issue,94,2.3
2026-03-27,SS26,FabIndia,Heritage,Sarees,XXL,4140,2467,40.4,1863,150,22,122,0,0,Size/Fit Issue,65,2.7
2026-03-05,SS26,Biba,Premium,Kurta Sets,M,3360,2151,36,1512,150,84,139,11,0,Logistics Delay,77,1.7
2025-12-06,AW25,W,Mid,Fusion Tops,M,2720,2405,11.6,1224,150,84,221,9,1,Style Mismatch,81,4.7
2025-12-11,AW25,Libas,Value,Fusion Tops,M,1040,669,35.6,468,150,108,156,11,7,Style Mismatch,67,4.9
2026-02-20,SS26,FabIndia,Heritage,Kurta Sets,S,2220,2048,7.7,999,150,10,146,0,0,Style Mismatch,46,2.2
2025-10-11,AW25,FabIndia,Heritage,Loungewear,XXL,5590,3954,29.3,2516,150,27,109,6,1,Size/Fit Issue,126,2.1
2025-11-16,AW25,W,Mid,Loungewear,XL,1670,1099,34.2,752,150,108,245,22,1,Logistics Delay,1,2.7
2026-03-23,SS26,Biba,Premium,Loungewear,XS,2460,1499,39.1,1107,150,87,104,10,6,Size/Fit Issue,31,3
2025-10-21,AW25,FabIndia,Heritage,Fusion Tops,L,3200,2089,34.7,1440,150,71,268,12,3,Logistics Delay,1,3
2026-02-23,SS26,W,Mid,Sarees,XS,1960,1545,21.2,882,150,18,89,3,0,Size/Fit Issue,14,2.8
2026-01-11,AW25,Biba,Premium,Kurta Sets,S,1970,1489,24.4,886,150,56,176,7,4,Size/Fit Issue,103,2.9
2025-12-19,AW25,W,Mid,Loungewear,XXL,1190,635,46.6,536,150,50,168,9,3,Style Mismatch,131,3.6
2025-10-24,AW25,FabIndia,Heritage,Loungewear,XL,2520,1847,26.7,1134,150,22,207,0,0,Style Mismatch,109,2.7
2025-11-09,AW25,FabIndia,Heritage,Kurta Sets,M,4830,3532,26.9,2174,150,60,203,1,0,Logistics Delay,122,4.2
2026-01-18,AW25,Libas,Value,Kurta Sets,XL,660,324,50.9,297,150,31,105,5,1,Style Mismatch,131,4
2025-12-30,AW25,Libas,Value,Kurta Sets,XL,530,473,10.7,238,150,31,221,8,2,Size/Fit Issue,118,3.3
2025-12-16,AW25,Libas,Value,Fusion Tops,XXL,1420,906,36.2,639,150,74,238,32,5,Size/Fit Issue,67,2.5
2025-12-06,AW25,Biba,Premium,Fusion Tops,XL,1370,1297,5.3,616,150,6,206,0,0,Quality Issue,29,4.3
2026-03-04,SS26,FabIndia,Heritage,Loungewear,XL,3950,2388,39.5,1778,150,68,256,1,0,Size/Fit Issue,101,4.2
2025-11-18,AW25,Biba,Premium,Sarees,L,3960,3475,12.3,1782,150,71,199,12,4,Style Mismatch,61,2
2025-11-07,AW25,FabIndia,Heritage,Fusion Tops,XS,1950,1691,13.3,878,150,73,134,21,2,Quality Issue,39,3.7
2025-12-15,AW25,FabIndia,Heritage,Kurta Sets,M,1060,953,10.1,477,150,66,150,10,3,Style Mismatch,110,3.6
2025-10-10,AW25,FabIndia,Heritage,Fusion Tops,L,5200,3403,34.6,2340,150,51,77,6,2,Style Mismatch,124,3
2025-12-08,AW25,FabIndia,Heritage,Fusion Tops,XS,5050,3225,36.1,2272,150,95,193,19,0,Size/Fit Issue,88,2.5
2026-01-21,AW25,W,Mid,Sarees,XL,2190,1071,51.1,986,150,37,219,8,2,Style Mismatch,119,3.3
2026-03-17,SS26,Libas,Value,Fusion Tops,S,1770,1498,15.4,796,150,81,197,3,1,Quality Issue,22,2.1
2026-02-04,SS26,Libas,Value,Sarees,S,1640,1519,7.4,738,150,55,193,15,1,Size/Fit Issue,4,4.2
2025-10-09,AW25,Biba,Premium,Loungewear,L,1760,1129,35.9,792,150,116,137,5,2,Style Mismatch,30,3.1
2026-02-20,SS26,Libas,Value,Sarees,XXL,1550,1004,35.2,698,150,16,54,6,0,Style Mismatch,26,4.2
2025-10-28,AW25,Biba,Premium,Kurta Sets,XL,1730,1499,13.4,778,150,37,176,7,0,Size/Fit Issue,30,3.3
2026-02-05,SS26,Biba,Premium,Sarees,XXL,2790,2184,21.7,1256,150,26,98,7,0,Size/Fit Issue,35,4.1
2026-01-30,AW25,Libas,Value,Loungewear,XL,850,771,9.3,382,150,66,183,7,3,Size/Fit Issue,95,4.1
2025-11-28,AW25,W,Mid,Fusion Tops,L,2480,1242,49.9,1116,150,89,231,22,3,Quality Issue,132,4
2025-10-18,AW25,Biba,Premium,Loungewear,M,2940,1350,54.1,1323,150,108,265,1,6,Quality Issue,42,3.8
2025-10-15,AW25,Libas,Value,Fusion Tops,L,1630,837,48.7,734,150,84,273,0,1,Style Mismatch,80,4.5
2026-01-12,AW25,FabIndia,Heritage,Sarees,XL,4620,2778,39.9,2079,150,47,241,7,0,Style Mismatch,103,3.2
2025-11-02,AW25,Libas,Value,Sarees,XS,1550,1045,32.6,698,150,71,232,24,0,Size/Fit Issue,133,4.1
2025-12-06,AW25,W,Mid,Loungewear,XXL,2530,1155,54.3,1138,150,21,197,6,0,Style Mismatch,28,2.2
2025-11-01,AW25,FabIndia,Heritage,Loungewear,XL,1040,752,27.7,468,150,111,273,11,7,Quality Issue,60,3.6
2025-11-29,AW25,Libas,Value,Loungewear,M,1670,1025,38.6,752,150,112,214,27,0,Style Mismatch,96,2.5
2026-01-25,AW25,Biba,Premium,Sarees,XXL,3040,1629,46.4,1368,150,27,131,0,1,Style Mismatch,20,3.4
2026-03-23,SS26,FabIndia,Heritage,Fusion Tops,M,5780,4049,29.9,2601,150,88,139,10,6,Quality Issue,108,3.3
2025-11-06,AW25,W,Mid,Fusion Tops,XXL,2670,2364,11.5,1202,150,84,237,3,1,Style Mismatch,131,4
2026-01-03,AW25,Biba,Premium,Fusion Tops,XS,1790,1370,23.5,806,150,13,98,2,0,Size/Fit Issue,74,3.2
2026-02-02,SS26,Biba,Premium,Sarees,S,4510,2955,34.5,2030,150,66,107,12,1,Quality Issue,12,3.5
2026-02-18,SS26,Libas,Value,Kurta Sets,XS,1350,958,29.1,608,150,110,275,22,2,Size/Fit Issue,79,4.2
2025-11-03,AW25,W,Mid,Fusion Tops,L,2640,2311,12.4,1188,150,18,129,3,0,Style Mismatch,83,2.7
2025-12-26,AW25,Biba,Premium,Fusion Tops,XXL,2440,1530,37.3,1098,150,12,53,2,0,Quality Issue,42,3.6
2026-03-14,SS26,Biba,Premium,Sarees,XL,3520,2329,33.8,1584,150,116,294,12,6,Style Mismatch,13,1.5
2026-02-14,SS26,W,Mid,Kurta Sets,M,1640,1357,17.3,738,150,76,211,1,3,Style Mismatch,148,3.7
2025-10-06,AW25,Libas,Value,Fusion Tops,S,1350,1266,6.2,608,150,49,132,6,0,Logistics Delay,135,3.6
2025-11-06,AW25,W,Mid,Loungewear,XS,1430,1139,20.3,644,150,33,119,0,2,Size/Fit Issue,104,4
2026-01-08,AW25,Biba,Premium,Loungewear,S,2990,1505,49.7,1346,150,92,254,18,6,Size/Fit Issue,66,2.7
2026-02-28,SS26,W,Mid,Fusion Tops,XL,2860,2166,24.3,1287,150,53,167,0,1,Style Mismatch,29,3.5
2026-03-12,SS26,W,Mid,Kurta Sets,M,1210,1000,17.3,544,150,26,88,2,0,Size/Fit Issue,142,3.8
2025-11-06,AW25,Libas,Value,Sarees,S,1600,758,52.6,720,150,110,287,1,7,Logistics Delay,142,3.8
2025-11-12,AW25,Biba,Premium,Kurta Sets,L,2420,1576,34.9,1089,150,74,125,13,1,Quality Issue,97,2.9
2026-02-14,SS26,Biba,Premium,Loungewear,XS,2920,1754,39.9,1314,150,121,212,39,8,Size/Fit Issue,35,3.5
2026-03-24,SS26,Libas,Value,Loungewear,XXL,1430,1163,18.7,644,150,61,105,5,4,Size/Fit Issue,82,4.4
2026-03-15,SS26,Biba,Premium,Fusion Tops,XS,4990,4717,5.5,2246,150,61,91,11,3,Style Mismatch,44,3.2
2026-03-16,SS26,Biba,Premium,Kurta Sets,XXL,3120,1915,38.6,1404,150,83,271,22,2,Size/Fit Issue,90,4.1
2025-10-03,AW25,Biba,Premium,Fusion Tops,M,2090,1521,27.2,940,150,9,176,1,0,Quality Issue,56,2.5
2026-03-10,SS26,Libas,Value,Sarees,S,1510,704,53.4,680,150,72,245,11,4,Quality Issue,9,1.3
2026-01-10,AW25,Biba,Premium,Loungewear,XL,3350,2355,29.7,1508,150,41,67,5,1,Quality Issue,141,3.6
2026-02-28,SS26,W,Mid,Kurta Sets,S,1860,899,51.7,837,150,126,313,24,2,Quality Issue,58,1.5
2026-03-23,SS26,Libas,Value,Fusion Tops,XS,1370,862,37,616,150,71,200,13,5,Size/Fit Issue,13,3.9
2026-02-04,SS26,Libas,Value,Kurta Sets,XXL,960,889,7.3,432,150,81,237,16,0,Size/Fit Issue,107,2
2025-10-07,AW25,W,Mid,Fusion Tops,XS,1820,1550,14.8,819,150,53,69,1,2,Size/Fit Issue,84,3.3
2026-03-01,SS26,Libas,Value,Loungewear,S,720,514,28.7,324,150,15,178,4,0,Size/Fit Issue,87,2
2026-03-08,SS26,FabIndia,Heritage,Kurta Sets,XXL,4660,3078,33.9,2097,150,18,60,4,0,Quality Issue,21,3.9
2025-10-16,AW25,FabIndia,Heritage,Kurta Sets,M,4540,4164,8.3,2043,150,85,200,0,5,Style Mismatch,14,3.8
2025-11-29,AW25,Biba,Premium,Fusion Tops,L,3200,1768,44.8,1440,150,80,240,10,4,Size/Fit Issue,25,3.5
2025-11-19,AW25,Biba,Premium,Kurta Sets,XS,3740,2219,40.7,1683,150,125,293,5,5,Size/Fit Issue,49,3.4
2026-01-22,AW25,W,Mid,Sarees,S,980,901,8,441,150,88,236,10,6,Quality Issue,79,3
2025-11-07,AW25,W,Mid,Fusion Tops,M,2200,1770,19.6,990,150,91,244,14,4,Size/Fit Issue,2,3.5
2025-10-14,AW25,FabIndia,Heritage,Loungewear,S,2640,1662,37,1188,150,20,183,1,1,Quality Issue,51,4.7
2026-03-27,SS26,Libas,Value,Loungewear,XL,1110,822,25.9,500,150,25,35,3,1,Size/Fit Issue,41,2.6
2026-03-13,SS26,W,Mid,Sarees,L,1670,1387,17,752,150,66,94,3,0,Logistics Delay,84,3.1
2025-12-31,AW25,Biba,Premium,Kurta Sets,S,2490,1817,27,1120,150,71,148,0,0,Size/Fit Issue,149,2.5
2025-11-14,AW25,Libas,Value,Sarees,S,900,845,6.1,405,150,18,56,0,0,Style Mismatch,67,4.1
2025-12-26,AW25,W,Mid,Loungewear,L,1780,1362,23.5,801,150,35,227,8,2,Logistics Delay,95,4.3
2025-10-17,AW25,Biba,Premium,Sarees,S,4550,3891,14.5,2048,150,64,85,9,1,Style Mismatch,136,3.8
2026-03-07,SS26,W,Mid,Loungewear,S,2140,1769,17.4,963,150,26,56,5,2,Logistics Delay,71,2.6
2026-01-29,AW25,Biba,Premium,Sarees,XL,2890,1660,42.6,1300,150,85,272,8,3,Style Mismatch,130,3.2
2026-02-01,SS26,FabIndia,Heritage,Fusion Tops,M,5760,4317,25,2592,150,12,77,0,0,Style Mismatch,149,2.7
2025-12-18,AW25,FabIndia,Heritage,Fusion Tops,XL,2290,1104,51.8,1030,150,65,165,6,0,Size/Fit Issue,95,3.3
2025-11-28,AW25,Biba,Premium,Fusion Tops,XL,3840,3002,21.8,1728,150,84,100,7,2,Style Mismatch,115,2.8
2025-11-15,AW25,FabIndia,Heritage,Sarees,M,1620,1248,23,729,150,56,124,8,2,Quality Issue,21,4.1
2025-10-26,AW25,Biba,Premium,Kurta Sets,M,1460,988,32.3,657,150,44,124,6,0,Quality Issue,85,4.1
2025-11-18,AW25,W,Mid,Loungewear,XS,2020,1634,19.1,909,150,72,249,26,4,Quality Issue,88,1.4
2026-02-09,SS26,W,Mid,Fusion Tops,S,1730,1018,41.2,778,150,105,233,6,4,Style Mismatch,53,3.4
2025-12-27,AW25,Biba,Premium,Loungewear,S,3060,1729,43.5,1377,150,51,93,4,3,Size/Fit Issue,106,2.3
2025-12-18,AW25,Biba,Premium,Fusion Tops,XXL,4720,3647,22.7,2124,150,77,163,10,4,Quality Issue,57,3.9
2025-12-23,AW25,Biba,Premium,Kurta Sets,S,1930,890,53.9,868,150,139,246,18,6,Quality Issue,84,4.3
2025-11-22,AW25,FabIndia,Heritage,Kurta Sets,XL,4160,3560,14.4,1872,150,57,93,5,2,Logistics Delay,27,2.1
2026-03-22,SS26,W,Mid,Kurta Sets,XXL,2800,2622,6.3,1260,150,14,158,4,0,Size/Fit Issue,50,2.9
2025-10-18,AW25,FabIndia,Heritage,Kurta Sets,M,5250,4959,5.6,2362,150,61,261,4,4,Size/Fit Issue,83,3.3
2025-10-18,AW25,FabIndia,Heritage,Sarees,S,2680,2131,20.5,1206,150,32,217,3,2,Style Mismatch,121,3.5
2026-01-26,AW25,Libas,Value,Sarees,XS,790,574,27.3,356,150,50,207,11,3,Quality Issue,102,3.4
2025-10-11,AW25,Biba,Premium,Loungewear,XXL,4910,2409,50.9,2210,150,75,130,9,4,Quality Issue,88,3.3
2026-03-08,SS26,FabIndia,Heritage,Fusion Tops,L,2500,1502,39.9,1125,150,87,257,10,0,Logistics Delay,24,2.4
2026-02-15,SS26,Libas,Value,Kurta Sets,XXL,940,466,50.4,423,150,131,224,7,3,Quality Issue,105,3.5
2026-01-13,AW25,FabIndia,Heritage,Sarees,M,2700,1882,30.3,1215,150,11,211,0,0,Quality Issue,118,3.2
2026-01-11,AW25,W,Mid,Fusion Tops,XS,840,693,17.5,378,150,58,236,15,2,Style Mismatch,34,2
2025-12-02,AW25,FabIndia,Heritage,Sarees,L,3280,1736,47.1,1476,150,11,64,1,0,Size/Fit Issue,43,4
2025-10-20,AW25,Biba,Premium,Loungewear,S,3100,2390,22.9,1395,150,12,184,2,0,Style Mismatch,55,1.8
2026-02-11,SS26,Biba,Premium,Fusion Tops,XXL,2560,1864,27.2,1152,150,15,86,3,0,Logistics Delay,1,3.2
2025-11-21,AW25,Biba,Premium,Kurta Sets,L,1410,642,54.5,634,150,52,232,7,0,Logistics Delay,86,2.1
2025-11-12,AW25,W,Mid,Kurta Sets,L,2900,2599,10.4,1305,150,53,172,8,0,Size/Fit Issue,83,3.6
2025-10-31,AW25,W,Mid,Sarees,XS,2260,1782,21.2,1017,150,73,251,18,0,Size/Fit Issue,3,2.7
2025-12-11,AW25,Libas,Value,Kurta Sets,XS,950,707,25.6,428,150,24,98,7,1,Logistics Delay,127,3.7
2025-10-25,AW25,Libas,Value,Fusion Tops,XXL,770,604,21.6,346,150,87,227,2,0,Logistics Delay,81,3.4
2026-03-13,SS26,W,Mid,Kurta Sets,S,880,565,35.8,396,150,67,112,4,2,Size/Fit Issue,31,2
2026-01-04,AW25,FabIndia,Heritage,Loungewear,S,2240,1707,23.8,1008,150,47,141,7,2,Logistics Delay,9,4
2025-11-04,AW25,Libas,Value,Loungewear,XXL,580,400,31,261,150,60,122,20,1,Quality Issue,106,3.1
2026-02-16,SS26,Biba,Premium,Sarees,XXL,4150,2450,41,1868,150,114,141,12,4,Size/Fit Issue,97,4.3
2025-11-19,AW25,Biba,Premium,Sarees,S,1810,1636,9.6,814,150,35,229,1,0,Quality Issue,140,3
2025-11-20,AW25,W,Mid,Fusion Tops,S,1820,1453,20.2,819,150,80,182,20,1,Logistics Delay,147,3.4
2026-01-10,AW25,FabIndia,Heritage,Sarees,L,4610,3405,26.1,2074,150,33,64,4,2,Size/Fit Issue,110,3.2
2025-12-16,AW25,W,Mid,Sarees,M,2360,1695,28.2,1062,150,58,188,5,2,Size/Fit Issue,116,2.3
2025-11-20,AW25,W,Mid,Sarees,XS,850,441,48.1,382,150,115,223,18,3,Size/Fit Issue,95,4
2026-02-03,SS26,Libas,Value,Kurta Sets,L,580,263,54.6,261,150,98,292,30,1,Quality Issue,31,4.6
2025-12-29,AW25,FabIndia,Heritage,Loungewear,XXL,1470,918,37.5,662,150,56,239,4,0,Quality Issue,108,3.8
2025-10-08,AW25,W,Mid,Loungewear,XL,2660,1271,52.2,1197,150,65,104,4,3,Quality Issue,37,2.4
2025-10-24,AW25,FabIndia,Heritage,Fusion Tops,XXL,5800,2685,53.7,2610,150,128,315,34,8,Size/Fit Issue,20,3.3
2025-12-17,AW25,FabIndia,Heritage,Loungewear,XXL,4370,2507,42.6,1966,150,29,92,5,1,Size/Fit Issue,22,2.3
2026-01-10,AW25,Libas,Value,Kurta Sets,S,1510,1433,5.1,680,150,62,167,10,3,Quality Issue,17,2.5
2025-11-17,AW25,W,Mid,Sarees,L,1540,1076,30.1,693,150,90,149,13,1,Size/Fit Issue,28,4
2025-12-06,AW25,FabIndia,Heritage,Fusion Tops,XXL,1890,975,48.4,850,150,25,184,2,0,Size/Fit Issue,42,3.1
2025-11-30,AW25,FabIndia,Heritage,Fusion Tops,XXL,1820,1720,5.5,819,150,5,16,0,0,Size/Fit Issue,68,2.6
2026-01-05,AW25,Libas,Value,Fusion Tops,L,1190,771,35.2,536,150,79,181,17,2,Style Mismatch,86,2.7
2026-03-20,SS26,FabIndia,Heritage,Fusion Tops,XL,1470,680,53.8,662,150,30,75,0,2,Style Mismatch,84,4.2
2025-10-07,AW25,Biba,Premium,Loungewear,XXL,4380,2376,45.8,1971,150,104,162,21,5,Style Mismatch,94,3.3
2025-10-01,AW25,Libas,Value,Kurta Sets,XXL,1240,636,48.7,558,150,105,204,11,4,Quality Issue,83,4.1
2026-01-18,AW25,FabIndia,Heritage,Kurta Sets,XXL,4150,3333,19.7,1868,150,29,47,7,2,Quality Issue,49,4
2025-11-02,AW25,FabIndia,Heritage,Kurta Sets,M,5490,2506,54.4,2470,150,47,119,7,3,Style Mismatch,119,3.6
2025-11-24,AW25,W,Mid,Kurta Sets,XS,2580,1170,54.7,1161,150,45,239,16,1,Size/Fit Issue,7,2.9
2025-12-05,AW25,FabIndia,Heritage,Kurta Sets,XXL,2110,1031,51.1,950,150,28,191,6,0,Size/Fit Issue,125,3.7
2025-10-17,AW25,Libas,Value,Fusion Tops,XXL,1280,797,37.7,576,150,93,125,33,1,Size/Fit Issue,143,2
2025-12-27,AW25,W,Mid,Kurta Sets,XL,2300,2038,11.4,1035,150,62,171,9,0,Size/Fit Issue,80,3.6
2026-01-17,AW25,Libas,Value,Loungewear,XXL,760,524,31,342,150,26,111,4,1,Style Mismatch,56,2.3
2025-11-26,AW25,FabIndia,Heritage,Fusion Tops,S,5930,4793,19.2,2668,150,57,247,3,4,Size/Fit Issue,8,4.9
2026-02-24,SS26,FabIndia,Heritage,Sarees,L,3390,2027,40.2,1526,150,19,216,3,0,Quality Issue,96,2.6
2025-11-27,AW25,Biba,Premium,Sarees,L,4280,3228,24.6,1926,150,9,119,1,0,Quality Issue,40,4.8
2026-01-09,AW25,Biba,Premium,Loungewear,M,4150,2027,51.2,1868,150,97,120,1,2,Quality Issue,140,4.3
2026-03-31,SS26,Libas,Value,Fusion Tops,XXL,830,549,33.9,374,150,99,297,12,1,Size/Fit Issue,113,4
2026-03-16,SS26,Biba,Premium,Loungewear,XXL,4800,3178,33.8,2160,150,79,113,24,2,Quality Issue,37,4.5
2025-12-31,AW25,FabIndia,Heritage,Sarees,XS,1960,901,54,882,150,144,184,18,1,Quality Issue,86,2.7
2025-12-01,AW25,FabIndia,Heritage,Fusion Tops,M,5880,2780,52.7,2646,150,28,205,3,1,Quality Issue,96,2.8
2026-01-22,AW25,Libas,Value,Kurta Sets,XS,740,672,9.1,333,150,79,266,7,3,Logistics Delay,125,3.4
2025-10-25,AW25,W,Mid,Fusion Tops,L,2580,2066,19.9,1161,150,22,135,1,1,Logistics Delay,32,3.6
2026-03-29,SS26,Biba,Premium,Fusion Tops,XL,4650,3170,31.8,2092,150,98,274,1,6,Style Mismatch,135,4.2
2025-11-01,AW25,W,Mid,Kurta Sets,S,1540,1459,5.3,693,150,48,201,1,0,Size/Fit Issue,114,2.4
2025-12-05,AW25,Biba,Premium,Kurta Sets,XS,3370,2698,19.9,1516,150,33,175,4,2,Size/Fit Issue,139,2.9
2025-12-15,AW25,FabIndia,Heritage,Sarees,XL,5020,3024,39.8,2259,150,79,100,8,3,Quality Issue,133,3.9
2025-11-30,AW25,Biba,Premium,Sarees,S,2530,1321,47.8,1138,150,37,206,4,0,Style Mismatch,55,2.3
2026-01-17,AW25,Biba,Premium,Loungewear,M,2860,1788,37.5,1287,150,87,133,8,6,Quality Issue,41,4.5
2026-02-15,SS26,W,Mid,Kurta Sets,XXL,1900,859,54.8,855,150,94,143,20,4,Style Mismatch,49,2.4
2025-12-20,AW25,FabIndia,Heritage,Fusion Tops,XS,5940,4908,17.4,2673,150,25,57,3,1,Size/Fit Issue,69,3
2026-01-01,AW25,Libas,Value,Loungewear,S,960,781,18.7,432,150,67,108,21,1,Logistics Delay,25,4.1
2025-11-14,AW25,Libas,Value,Fusion Tops,XS,1580,1225,22.4,711,150,54,163,13,2,Quality Issue,146,2.5
2025-11-16,AW25,Libas,Value,Fusion Tops,L,1710,1515,11.4,770,150,81,159,19,4,Size/Fit Issue,2,3.7
2025-10-14,AW25,Libas,Value,Sarees,XXL,1740,1289,25.9,783,150,38,157,7,1,Style Mismatch,117,2.9
2026-02-11,SS26,W,Mid,Loungewear,XXL,1160,552,52.4,522,150,80,113,26,4,Size/Fit Issue,104,2.7
2025-11-12,AW25,Biba,Premium,Kurta Sets,XXL,2470,1662,32.7,1112,150,8,140,2,0,Style Mismatch,126,4
2026-02-05,SS26,Biba,Premium,Fusion Tops,XS,3820,3266,14.5,1719,150,71,216,16,4,Size/Fit Issue,1,4
2026-03-25,SS26,Biba,Premium,Fusion Tops,S,4060,1969,51.5,1827,150,58,81,2,1,Size/Fit Issue,134,3.1
2026-01-17,AW25,FabIndia,Heritage,Fusion Tops,S,4060,1888,53.5,1827,150,64,197,9,4,Logistics Delay,86,2.9
2025-12-15,AW25,Libas,Value,Sarees,XS,1790,1191,33.4,806,150,66,194,27,5,Style Mismatch,55,4.4
2026-03-08,SS26,FabIndia,Heritage,Kurta Sets,M,1050,674,35.8,472,150,66,166,4,0,Logistics Delay,84,2.5
2025-10-03,AW25,Biba,Premium,Fusion Tops,L,2110,1915,9.2,950,150,27,101,2,1,Size/Fit Issue,131,4.1
2025-11-27,AW25,FabIndia,Heritage,Fusion Tops,M,3450,2649,23.2,1552,150,98,149,14,0,Style Mismatch,46,4.2
2025-11-05,AW25,Libas,Value,Fusion Tops,XS,1230,625,49.2,554,150,33,51,2,0,Size/Fit Issue,50,4
2025-11-11,AW25,W,Mid,Fusion Tops,XXL,1890,1683,10.9,850,150,87,199,16,4,Size/Fit Issue,125,4.1
2026-02-06,SS26,FabIndia,Heritage,Sarees,XS,1880,1041,44.6,846,150,40,137,4,0,Style Mismatch,32,1.8
2026-01-18,AW25,Biba,Premium,Fusion Tops,L,2480,2006,19.1,1116,150,75,114,3,0,Style Mismatch,21,2.8
2025-12-07,AW25,W,Mid,Fusion Tops,S,2740,1635,40.3,1233,150,110,158,18,1,Logistics Delay,26,3.8
2025-11-28,AW25,Biba,Premium,Sarees,L,1460,1187,18.7,657,150,29,143,2,1,Size/Fit Issue,49,1.8
2026-02-12,SS26,Libas,Value,Sarees,S,1190,877,26.3,536,150,97,196,13,0,Size/Fit Issue,15,3.1
2026-01-16,AW25,W,Mid,Loungewear,XS,1540,1432,7,693,150,50,107,4,1,Logistics Delay,13,2.1
2025-12-04,AW25,FabIndia,Heritage,Loungewear,M,3490,3121,10.6,1570,150,86,286,11,0,Style Mismatch,3,4.2
2026-02-28,SS26,Libas,Value,Sarees,XXL,1060,896,15.5,477,150,19,179,7,0,Quality Issue,98,2.2
2026-03-17,SS26,W,Mid,Sarees,XXL,2620,1277,51.3,1179,150,130,276,31,3,Style Mismatch,19,4.1
2025-11-09,AW25,Biba,Premium,Sarees,S,3010,2031,32.5,1354,150,113,234,23,8,Style Mismatch,64,4
2025-10-18,AW25,FabIndia,Heritage,Fusion Tops,XL,5130,2845,44.5,2308,150,66,253,8,0,Size/Fit Issue,42,3.6
2025-11-18,AW25,FabIndia,Heritage,Fusion Tops,XXL,5360,2760,48.5,2412,150,44,209,5,1,Style Mismatch,19,3.2
2025-12-09,AW25,W,Mid,Sarees,XS,1450,963,33.6,652,150,105,171,18,5,Style Mismatch,2,2.9
2025-12-15,AW25,Libas,Value,Kurta Sets,S,960,890,7.3,432,150,46,125,0,0,Logistics Delay,60,4.5
2025-10-14,AW25,W,Mid,Sarees,XL,1270,1206,5.1,572,150,55,99,4,4,Logistics Delay,88,2.8
2026-01-13,AW25,Libas,Value,Loungewear,XS,1780,965,45.8,801,150,55,233,18,1,Size/Fit Issue,91,1.4
2026-02-27,SS26,Biba,Premium,Fusion Tops,XXL,2350,1210,48.5,1058,150,53,164,14,0,Size/Fit Issue,141,3.7
2025-11-09,AW25,FabIndia,Heritage,Sarees,XXL,4550,3484,23.4,2048,150,21,176,3,0,Quality Issue,122,2.5
2026-02-03,SS26,W,Mid,Loungewear,XS,2070,1798,13.1,932,150,65,191,17,0,Size/Fit Issue,45,3.3
2026-03-15,SS26,FabIndia,Heritage,Kurta Sets,XXL,5310,4680,11.9,2390,150,20,194,2,0,Quality Issue,3,4.1
2025-10-12,AW25,W,Mid,Sarees,XS,1900,1669,12.1,855,150,7,198,2,0,Quality Issue,3,3
2025-10-22,AW25,W,Mid,Sarees,L,2620,1421,45.8,1179,150,79,228,10,1,Style Mismatch,78,2.8
2025-11-01,AW25,Biba,Premium,Kurta Sets,XS,3530,2830,19.8,1588,150,75,122,3,5,Size/Fit Issue,130,3.3
2025-12-30,AW25,Libas,Value,Sarees,XXL,1290,783,39.3,580,150,106,207,8,0,Size/Fit Issue,28,4.6
2025-10-20,AW25,Libas,Value,Kurta Sets,M,670,336,49.8,302,150,47,227,6,1,Size/Fit Issue,38,3.3
2026-03-25,SS26,Libas,Value,Loungewear,M,710,578,18.6,320,150,66,76,20,4,Quality Issue,127,2
2025-11-08,AW25,W,Mid,Loungewear,S,2400,1744,27.3,1080,150,18,110,0,0,Quality Issue,122,2.3
2025-11-02,AW25,W,Mid,Fusion Tops,M,2110,1483,29.7,950,150,82,154,13,4,Size/Fit Issue,123,4.6
2026-01-07,AW25,FabIndia,Heritage,Fusion Tops,XL,5370,3779,29.6,2416,150,49,236,3,2,Style Mismatch,137,3.7
2025-11-26,AW25,Biba,Premium,Sarees,M,1310,1111,15.2,590,150,62,161,7,4,Logistics Delay,4,1.9
2026-01-01,AW25,W,Mid,Loungewear,L,1390,740,46.8,626,150,98,286,6,6,Size/Fit Issue,141,2.3
2026-03-30,SS26,W,Mid,Fusion Tops,XXL,910,548,39.8,410,150,83,245,1,0,Style Mismatch,108,3.4
2025-11-10,AW25,Biba,Premium,Sarees,M,1880,1712,8.9,846,150,6,206,0,0,Size/Fit Issue,19,2.5
2025-11-05,AW25,Libas,Value,Fusion Tops,L,1190,866,27.2,536,150,57,111,2,0,Quality Issue,3,3.7
2026-02-06,SS26,W,Mid,Kurta Sets,L,2530,1543,39,1138,150,118,186,22,2,Style Mismatch,116,2.9
2026-01-17,AW25,W,Mid,Loungewear,XS,2940,2238,23.9,1323,150,43,196,6,0,Size/Fit Issue,32,4.2
2026-03-04,SS26,Biba,Premium,Fusion Tops,L,2580,1609,37.6,1161,150,82,119,2,5,Quality Issue,103,2.6
2025-10-27,AW25,Biba,Premium,Loungewear,XL,4490,2365,47.3,2020,150,59,148,3,2,Size/Fit Issue,7,3.7
2025-11-18,AW25,W,Mid,Kurta Sets,S,1900,1724,9.3,855,150,87,120,1,6,Style Mismatch,145,1.8
2025-12-19,AW25,Biba,Premium,Loungewear,M,2930,2051,30,1318,150,79,193,12,6,Quality Issue,80,2.1
2026-02-06,SS26,Biba,Premium,Sarees,XS,3700,2042,44.8,1665,150,133,163,38,0,Size/Fit Issue,122,3.9
2026-03-10,SS26,Biba,Premium,Sarees,S,4610,2809,39.1,2074,150,39,182,8,1,Logistics Delay,36,3.7
2025-12-27,AW25,FabIndia,Heritage,Sarees,M,3380,2602,23,1521,150,13,179,2,0,Style Mismatch,110,2.6
2026-03-05,SS26,Biba,Premium,Sarees,XL,3870,1752,54.7,1742,150,10,42,0,0,Style Mismatch,24,4.7
2026-02-05,SS26,Biba,Premium,Fusion Tops,M,1990,961,51.7,896,150,23,150,1,0,Size/Fit Issue,41,2.5
2025-12-06,AW25,FabIndia,Heritage,Loungewear,L,2150,1032,52,968,150,119,303,0,8,Style Mismatch,145,4.3
2025-11-03,AW25,FabIndia,Heritage,Loungewear,XL,3570,2724,23.7,1606,150,93,267,7,6,Logistics Delay,105,1.7
2025-10-15,AW25,W,Mid,Kurta Sets,S,1230,990,19.5,554,150,99,132,10,0,Style Mismatch,40,3.4
2025-12-29,AW25,FabIndia,Heritage,Fusion Tops,XXL,5380,2690,50,2421,150,31,151,0,1,Logistics Delay,119,4.5
2025-11-21,AW25,FabIndia,Heritage,Loungewear,XS,3600,2804,22.1,1620,150,42,91,8,1,Size/Fit Issue,124,1.7
2026-01-29,AW25,W,Mid,Sarees,M,930,424,54.4,418,150,21,44,5,0,Style Mismatch,97,3.4
2025-11-24,AW25,Biba,Premium,Fusion Tops,M,2330,1473,36.8,1048,150,35,152,0,1,Size/Fit Issue,21,4
2026-02-12,SS26,W,Mid,Loungewear,S,1020,922,9.6,459,150,54,187,14,1,Size/Fit Issue,109,4.5
2026-01-30,AW25,W,Mid,Fusion Tops,M,2390,1287,46.2,1076,150,50,247,1,2,Quality Issue,143,3
2025-12-21,AW25,Biba,Premium,Sarees,L,1900,1331,30,855,150,27,152,4,1,Size/Fit Issue,81,4
2025-11-02,AW25,FabIndia,Heritage,Kurta Sets,XS,2790,1610,42.3,1256,150,94,157,19,5,Style Mismatch,48,2.6
2025-11-18,AW25,Biba,Premium,Loungewear,M,1360,1087,20.1,612,150,89,204,15,0,Style Mismatch,78,4.9
2026-01-14,AW25,Libas,Value,Loungewear,XL,1370,943,31.2,616,150,27,78,8,0,Style Mismatch,85,3.6
2026-02-16,SS26,FabIndia,Heritage,Fusion Tops,M,4580,2899,36.7,2061,150,24,139,3,0,Quality Issue,25,3.8
2025-10-27,AW25,FabIndia,Heritage,Kurta Sets,XXL,4640,3240,30.2,2088,150,61,100,15,1,Quality Issue,8,3.6
2025-11-20,AW25,FabIndia,Heritage,Kurta Sets,M,4800,3569,25.6,2160,150,6,184,1,0,Style Mismatch,101,2.8
2025-12-07,AW25,Libas,Value,Fusion Tops,XXL,990,938,5.2,446,150,9,208,0,0,Size/Fit Issue,106,4.2
2026-03-03,SS26,Libas,Value,Loungewear,S,1670,757,54.6,752,150,138,295,44,2,Quality Issue,61,4.2
2026-01-18,AW25,W,Mid,Fusion Tops,XXL,1510,1130,25.2,680,150,97,137,5,1,Quality Issue,81,2.3
2026-03-11,SS26,FabIndia,Heritage,Loungewear,XL,2300,1094,52.4,1035,150,28,45,0,0,Quality Issue,52,3.7
2026-03-08,SS26,Biba,Premium,Fusion Tops,XS,4340,2530,41.7,1953,150,81,153,4,4,Size/Fit Issue,116,2.6
2026-01-05,AW25,Libas,Value,Kurta Sets,M,670,323,51.7,302,150,140,186,40,1,Logistics Delay,5,2.2
2025-12-12,AW25,Libas,Value,Sarees,XS,660,464,29.7,297,150,44,214,7,1,Size/Fit Issue,92,2
2025-10-20,AW25,W,Mid,Fusion Tops,L,2080,1317,36.7,936,150,38,203,1,0,Size/Fit Issue,115,3.7
2025-10-09,AW25,Biba,Premium,Loungewear,M,3280,1484,54.7,1476,150,9,26,0,0,Logistics Delay,139,2.5
2026-02-15,SS26,Biba,Premium,Sarees,S,4850,3723,23.2,2182,150,10,88,0,0,Quality Issue,55,4.5
2025-12-10,AW25,FabIndia,Heritage,Sarees,XS,3850,2294,40.4,1732,150,102,161,22,4,Style Mismatch,75,3.2
2025-12-04,AW25,W,Mid,Sarees,XXL,1950,915,53.1,878,150,141,335,43,6,Size/Fit Issue,26,2.6
2026-02-02,SS26,FabIndia,Heritage,Fusion Tops,L,5880,3390,42.4,2646,150,29,200,3,0,Style Mismatch,81,3.2
2025-10-17,AW25,FabIndia,Heritage,Sarees,XS,5190,4274,17.7,2336,150,53,164,9,3,Logistics Delay,104,3.6
2025-10-08,AW25,Biba,Premium,Sarees,M,3060,1697,44.5,1377,150,60,101,0,3,Style Mismatch,91,4.1
2025-10-03,AW25,Libas,Value,Kurta Sets,XXL,1170,986,15.7,526,150,56,200,22,2,Size/Fit Issue,145,3.7
2025-11-25,AW25,Biba,Premium,Loungewear,XXL,3790,1807,52.3,1706,150,139,230,40,4,Quality Issue,19,3
2025-11-20,AW25,W,Mid,Kurta Sets,L,2840,2632,7.3,1278,150,64,134,2,2,Quality Issue,70,3.7
2026-02-25,SS26,Biba,Premium,Loungewear,XS,3940,2200,44.2,1773,150,8,154,2,0,Quality Issue,147,3.2
2026-02-13,SS26,Biba,Premium,Loungewear,XXL,1360,1245,8.5,612,150,65,217,15,1,Quality Issue,24,3.2
2025-12-20,AW25,FabIndia,Heritage,Kurta Sets,L,3440,2070,39.8,1548,150,108,276,16,8,Size/Fit Issue,116,3.2
2025-10-27,AW25,Biba,Premium,Sarees,XS,4680,4422,5.5,2106,150,49,244,13,2,Size/Fit Issue,26,2
2026-01-03,AW25,Biba,Premium,Kurta Sets,M,4920,2743,44.2,2214,150,18,125,3,0,Style Mismatch,28,3.8
2025-12-09,AW25,W,Mid,Sarees,XL,2690,2394,11,1210,150,26,150,5,1,Logistics Delay,81,3.3
2026-03-21,SS26,Biba,Premium,Sarees,XL,3260,2019,38.1,1467,150,72,264,11,2,Size/Fit Issue,71,4.1
2025-10-22,AW25,Libas,Value,Sarees,XXL,920,554,39.7,414,150,108,166,2,0,Size/Fit Issue,19,4.2
2026-02-02,SS26,Biba,Premium,Loungewear,S,4630,3031,34.5,2084,150,106,155,19,6,Style Mismatch,135,3.4
2026-02-07,SS26,Biba,Premium,Sarees,S,2790,2113,24.3,1256,150,95,280,4,3,Size/Fit Issue,115,3.3
2025-12-18,AW25,Biba,Premium,Sarees,L,4890,4383,10.4,2200,150,40,185,0,1,Size/Fit Issue,28,3.4
2026-01-24,AW25,Libas,Value,Loungewear,XS,1630,1480,9.2,734,150,36,115,2,1,Style Mismatch,110,1.8
2026-01-03,AW25,Biba,Premium,Kurta Sets,XXL,2860,1670,41.6,1287,150,47,183,4,1,Style Mismatch,108,3.6
2026-02-10,SS26,FabIndia,Heritage,Kurta Sets,XXL,1410,884,37.3,634,150,51,197,1,3,Style Mismatch,28,2.7
2025-10-26,AW25,Libas,Value,Sarees,XL,1330,1003,24.6,598,150,45,107,10,3,Size/Fit Issue,25,2.6
2025-12-28,AW25,Libas,Value,Loungewear,XXL,500,451,9.7,225,150,75,259,24,5,Style Mismatch,128,2.5
2025-10-18,AW25,W,Mid,Sarees,M,2660,2338,12.1,1197,150,76,129,8,0,Logistics Delay,3,4.3
2026-03-23,SS26,Biba,Premium,Loungewear,L,3690,3504,5.1,1660,150,69,137,1,4,Style Mismatch,63,4.8
2026-02-12,SS26,W,Mid,Sarees,XS,1210,965,20.2,544,150,80,154,15,2,Style Mismatch,85,3.9
2026-01-02,AW25,FabIndia,Heritage,Kurta Sets,M,3460,2058,40.5,1557,150,106,221,2,5,Quality Issue,132,1.5
2025-11-26,AW25,W,Mid,Loungewear,L,920,762,17.2,414,150,64,101,3,0,Logistics Delay,110,3.2
2025-12-10,AW25,FabIndia,Heritage,Sarees,M,3860,1953,49.4,1737,150,139,282,10,11,Style Mismatch,100,1.7
2026-03-29,SS26,Libas,Value,Kurta Sets,L,1430,953,33.3,644,150,61,245,2,0,Logistics Delay,88,2.4
2025-11-08,AW25,Libas,Value,Sarees,M,1500,1209,19.4,675,150,7,142,1,0,Quality Issue,75,2.2
2025-12-18,AW25,Biba,Premium,Fusion Tops,M,4000,2132,46.7,1800,150,62,215,1,4,Quality Issue,12,3.5
2025-11-09,AW25,Biba,Premium,Loungewear,S,4300,3662,14.8,1935,150,18,201,1,0,Logistics Delay,149,2.8
2026-03-13,SS26,FabIndia,Heritage,Fusion Tops,L,1800,906,49.7,810,150,76,121,2,2,Logistics Delay,77,4.2
2026-03-24,SS26,W,Mid,Loungewear,S,2500,1682,32.7,1125,150,65,171,1,2,Quality Issue,77,3.6
2026-01-20,AW25,Biba,Premium,Sarees,XL,3110,1875,39.7,1400,150,79,96,7,2,Style Mismatch,128,3.3
2026-02-21,SS26,Biba,Premium,Fusion Tops,XS,4390,3862,12,1976,150,42,127,8,1,Style Mismatch,77,4.4
2025-10-14,AW25,FabIndia,Heritage,Sarees,L,1050,755,28.1,472,150,89,126,13,0,Size/Fit Issue,132,4.8
2025-12-25,AW25,Biba,Premium,Loungewear,XL,3270,1977,39.5,1472,150,31,93,4,1,Quality Issue,15,1.8
2026-02-10,SS26,W,Mid,Fusion Tops,S,1710,859,49.8,770,150,75,244,12,4,Logistics Delay,39,4.2
2026-03-26,SS26,W,Mid,Kurta Sets,XS,800,699,12.7,360,150,84,207,3,1,Style Mismatch,30,4.2
2026-01-09,AW25,Biba,Premium,Kurta Sets,M,2960,2096,29.2,1332,150,50,228,8,2,Quality Issue,47,3.9
2026-03-07,SS26,Biba,Premium,Fusion Tops,S,3900,3663,6.1,1755,150,38,122,1,2,Style Mismatch,36,3.4
2025-12-14,AW25,Biba,Premium,Fusion Tops,M,4030,3274,18.8,1814,150,23,63,2,1,Size/Fit Issue,98,2.9
2026-02-22,SS26,FabIndia,Heritage,Kurta Sets,XL,3480,3247,6.7,1566,150,11,138,1,0,Size/Fit Issue,113,4.3
2025-12-10,AW25,Biba,Premium,Sarees,M,3350,1749,47.8,1508,150,53,230,3,2,Style Mismatch,128,1.9
2025-11-08,AW25,Libas,Value,Loungewear,L,780,632,18.9,351,150,70,235,1,4,Style Mismatch,77,4.6
2026-03-18,SS26,W,Mid,Loungewear,S,2130,1396,34.4,958,150,74,271,11,4,Size/Fit Issue,148,1.6
2025-11-10,AW25,W,Mid,Kurta Sets,XXL,1230,861,30,554,150,66,136,19,5,Quality Issue,121,4
2025-10-27,AW25,W,Mid,Fusion Tops,L,1060,974,8.1,477,150,21,192,0,1,Style Mismatch,64,3.2
2025-10-08,AW25,W,Mid,Loungewear,XS,2640,2010,23.9,1188,150,103,164,8,2,Size/Fit Issue,146,2.9
2025-11-11,AW25,FabIndia,Heritage,Sarees,XS,5770,5412,6.2,2596,150,33,188,0,0,Size/Fit Issue,24,4.1
2026-02-17,SS26,Biba,Premium,Loungewear,S,4090,2393,41.5,1840,150,110,211,4,1,Quality Issue,135,3.5
2026-03-08,SS26,W,Mid,Kurta Sets,L,2550,1625,36.3,1148,150,118,187,2,7,Size/Fit Issue,18,2.2
2025-10-14,AW25,Libas,Value,Kurta Sets,S,1090,533,51.1,490,150,95,124,22,0,Logistics Delay,64,4.7
2026-02-14,SS26,W,Mid,Loungewear,L,1030,697,32.3,464,150,117,213,14,8,Size/Fit Issue,28,1.6
2026-01-16,AW25,Libas,Value,Sarees,M,620,546,12,279,150,55,83,16,2,Logistics Delay,140,2.7
2026-02-22,SS26,Biba,Premium,Loungewear,XS,3000,1953,34.9,1350,150,114,251,18,1,Quality Issue,20,2.1
2026-02-07,SS26,W,Mid,Loungewear,L,2760,2203,20.2,1242,150,9,174,2,0,Quality Issue,58,2.6
2026-01-06,AW25,Biba,Premium,Fusion Tops,XS,2880,1633,43.3,1296,150,98,265,22,4,Size/Fit Issue,32,2.2
2026-01-03,AW25,Libas,Value,Sarees,M,1390,682,50.9,626,150,59,206,1,0,Style Mismatch,60,4.1
2026-02-23,SS26,Biba,Premium,Kurta Sets,XXL,2320,1261,45.6,1044,150,20,197,0,0,Size/Fit Issue,19,3.1
2025-12-02,AW25,Libas,Value,Sarees,XL,1310,931,28.9,590,150,20,121,0,1,Size/Fit Issue,31,4
2025-11-26,AW25,FabIndia,Heritage,Loungewear,M,5520,4436,19.6,2484,150,93,191,14,2,Style Mismatch,62,2.1
2026-01-14,AW25,FabIndia,Heritage,Loungewear,XS,2670,1319,50.6,1202,150,59,105,5,2,Size/Fit Issue,133,4
2025-10-10,AW25,W,Mid,Fusion Tops,XXL,2660,1259,52.7,1197,150,121,152,39,2,Style Mismatch,5,2.9
2025-10-16,AW25,Libas,Value,Fusion Tops,L,540,280,48.1,243,150,105,128,1,1,Size/Fit Issue,98,3.3
2026-03-19,SS26,Libas,Value,Kurta Sets,XL,1210,582,51.9,544,150,67,236,17,3,Quality Issue,86,3.1
2026-01-20,AW25,FabIndia,Heritage,Kurta Sets,XS,5530,4180,24.4,2488,150,99,150,13,4,Style Mismatch,73,3.5
2026-01-06,AW25,FabIndia,Heritage,Sarees,S,1120,907,19,504,150,19,38,3,1,Size/Fit Issue,70,3.7
2026-03-07,SS26,Libas,Value,Loungewear,M,1010,564,44.1,454,150,33,156,3,1,Quality Issue,3,4.3
2026-01-27,AW25,Biba,Premium,Fusion Tops,XS,3210,2990,6.9,1444,150,72,102,15,3,Size/Fit Issue,91,3.7
2025-12-10,AW25,Libas,Value,Kurta Sets,L,870,714,17.9,392,150,48,216,13,0,Quality Issue,70,2.3
2026-03-17,SS26,Biba,Premium,Sarees,XS,3980,3704,6.9,1791,150,67,259,12,0,Quality Issue,129,1.9
2025-12-06,AW25,Libas,Value,Kurta Sets,XXL,1220,829,32,549,150,51,121,8,0,Size/Fit Issue,11,3.5
2025-11-22,AW25,Libas,Value,Loungewear,XXL,1350,1234,8.6,608,150,46,160,2,1,Quality Issue,109,3
2026-03-16,SS26,Libas,Value,Fusion Tops,M,1770,1654,6.6,796,150,10,74,0,0,Style Mismatch,94,2.1
2025-12-20,AW25,Libas,Value,Sarees,L,1690,1578,6.6,760,150,58,125,14,3,Logistics Delay,38,4.6
2026-02-22,SS26,FabIndia,Heritage,Kurta Sets,XL,1420,918,35.4,639,150,108,180,8,2,Quality Issue,134,2.9
2025-12-24,AW25,W,Mid,Loungewear,S,2670,2116,20.7,1202,150,45,198,5,3,Style Mismatch,29,2
2026-02-07,SS26,Biba,Premium,Loungewear,XXL,3280,2123,35.3,1476,150,88,160,6,5,Logistics Delay,114,4.5
2026-01-13,AW25,W,Mid,Loungewear,M,2200,1745,20.7,990,150,74,134,8,5,Style Mismatch,20,3.8
2025-11-16,AW25,FabIndia,Heritage,Kurta Sets,S,1990,1474,25.9,896,150,90,276,12,0,Size/Fit Issue,141,3.3
2025-11-12,AW25,Biba,Premium,Sarees,XL,4850,3324,31.5,2182,150,86,126,6,2,Style Mismatch,99,4
2025-12-26,AW25,Libas,Value,Kurta Sets,XXL,590,539,8.7,266,150,70,202,28,3,Quality Issue,90,3.3
2026-03-29,SS26,W,Mid,Sarees,XXL,2880,2615,9.2,1296,150,91,146,21,4,Style Mismatch,1,3
2026-02-08,SS26,Libas,Value,Kurta Sets,S,1110,781,29.7,500,150,111,194,18,4,Style Mismatch,12,4.5
2025-12-22,AW25,FabIndia,Heritage,Loungewear,S,2170,2016,7.1,976,150,66,148,6,3,Quality Issue,53,2.1
2025-11-12,AW25,Biba,Premium,Loungewear,M,3290,2403,26.9,1480,150,57,126,11,1,Quality Issue,43,2.1
2026-03-20,SS26,Libas,Value,Sarees,XS,920,620,32.6,414,150,38,97,0,2,Logistics Delay,130,3.6
2025-10-02,AW25,FabIndia,Heritage,Kurta Sets,M,2660,2152,19.1,1197,150,75,113,9,3,Quality Issue,146,2.9
2026-03-30,SS26,Biba,Premium,Fusion Tops,L,3320,2717,18.2,1494,150,50,116,7,0,Style Mismatch,35,2
2025-10-20,AW25,Libas,Value,Sarees,XL,1180,958,18.8,531,150,17,207,3,0,Logistics Delay,131,3.3
2026-02-11,SS26,Libas,Value,Sarees,XL,1780,1659,6.8,801,150,39,116,1,1,Logistics Delay,2,3.9
2026-01-29,AW25,W,Mid,Fusion Tops,S,2830,2289,19.1,1274,150,20,47,5,1,Quality Issue,50,1.2
2026-02-03,SS26,W,Mid,Sarees,XS,2510,1521,39.4,1130,150,125,211,11,3,Style Mismatch,97,4.6
2025-11-29,AW25,Libas,Value,Fusion Tops,L,1790,1349,24.6,806,150,101,184,16,0,Size/Fit Issue,91,4.3
2026-01-16,AW25,FabIndia,Heritage,Loungewear,S,4480,3997,10.8,2016,150,52,185,6,1,Style Mismatch,118,2.3
2026-02-03,SS26,FabIndia,Heritage,Sarees,XS,3380,2758,18.4,1521,150,72,182,1,4,Size/Fit Issue,55,3
2026-01-22,AW25,FabIndia,Heritage,Fusion Tops,M,1450,1183,18.4,652,150,61,113,6,0,Style Mismatch,56,2.7
2026-02-15,SS26,W,Mid,Kurta Sets,XL,2150,1904,11.5,968,150,8,103,2,0,Style Mismatch,138,4.1
2025-12-30,AW25,Biba,Premium,Kurta Sets,XL,2160,1661,23.1,972,150,33,84,5,1,Quality Issue,50,2.9
2026-01-04,AW25,Libas,Value,Fusion Tops,S,1630,951,41.7,734,150,14,148,3,0,Style Mismatch,3,3.5
2025-10-11,AW25,W,Mid,Loungewear,M,900,751,16.5,405,150,11,54,0,0,Quality Issue,63,3.9
2025-12-09,AW25,Biba,Premium,Kurta Sets,XS,3360,1979,41.1,1512,150,11,209,0,0,Style Mismatch,106,2.4
2026-02-28,SS26,FabIndia,Heritage,Sarees,XL,3560,1985,44.2,1602,150,116,293,15,2,Style Mismatch,108,2.1
2026-02-25,SS26,FabIndia,Heritage,Fusion Tops,M,4520,4084,9.7,2034,150,87,194,4,1,Quality Issue,104,3.5
2025-10-05,AW25,FabIndia,Heritage,Fusion Tops,M,5480,3248,40.7,2466,150,53,185,5,0,Quality Issue,115,3.4
2026-02-22,SS26,Biba,Premium,Loungewear,M,1890,1030,45.5,850,150,28,59,3,0,Logistics Delay,21,3.7
2025-11-06,AW25,FabIndia,Heritage,Fusion Tops,XL,5640,3213,43,2538,150,111,203,5,2,Style Mismatch,15,2.4
2026-03-26,SS26,FabIndia,Heritage,Kurta Sets,M,2710,1551,42.8,1220,150,121,254,10,9,Size/Fit Issue,125,3.4
2026-02-09,SS26,Biba,Premium,Kurta Sets,L,4160,3791,8.9,1872,150,6,45,0,0,Size/Fit Issue,32,3.3
2025-10-10,AW25,FabIndia,Heritage,Fusion Tops,S,5300,3744,29.4,2385,150,83,266,5,1,Style Mismatch,140,2.9
2025-12-09,AW25,Libas,Value,Loungewear,XL,840,739,12.1,378,150,36,166,9,2,Style Mismatch,133,3.7
2026-01-27,AW25,W,Mid,Loungewear,XXL,1350,1172,13.2,608,150,7,18,0,0,Style Mismatch,121,4.8
2025-12-19,AW25,W,Mid,Sarees,XXL,1180,804,31.9,531,150,25,178,0,0,Size/Fit Issue,84,3.1
2025-11-27,AW25,Libas,Value,Kurta Sets,S,1060,856,19.2,477,150,101,254,24,2,Quality Issue,109,4.5
2026-02-16,SS26,W,Mid,Kurta Sets,XL,1420,1276,10.1,639,150,46,221,2,2,Size/Fit Issue,55,3.5
2026-01-07,AW25,Libas,Value,Loungewear,XXL,1760,1084,38.4,792,150,48,215,3,3,Logistics Delay,121,2.1
2025-11-07,AW25,W,Mid,Sarees,L,800,631,21.2,360,150,28,166,3,0,Quality Issue,13,3
2025-10-31,AW25,W,Mid,Fusion Tops,L,2380,1421,40.3,1071,150,70,134,15,1,Size/Fit Issue,90,3.7
2025-11-12,AW25,Libas,Value,Sarees,L,1650,1203,27.1,742,150,28,131,5,0,Style Mismatch,64,1.6
2026-01-28,AW25,Libas,Value,Fusion Tops,S,1760,1179,33,792,150,79,181,9,5,Logistics Delay,48,2.6
2026-02-12,SS26,W,Mid,Kurta Sets,XL,2070,1627,21.4,932,150,48,222,6,0,Size/Fit Issue,94,3.8
2026-01-31,AW25,FabIndia,Heritage,Kurta Sets,XXL,3070,2496,18.7,1382,150,99,270,24,6,Logistics Delay,14,4.9
2026-01-25,AW25,FabIndia,Heritage,Sarees,L,5470,2988,45.4,2462,150,87,130,0,6,Size/Fit Issue,9,4
2025-10-22,AW25,FabIndia,Heritage,Kurta Sets,XS,4630,2923,36.9,2084,150,69,236,2,3,Logistics Delay,15,2.6
2025-10-05,AW25,Libas,Value,Loungewear,XXL,840,418,50.3,378,150,89,270,20,6,Size/Fit Issue,150,4.2
2025-10-16,AW25,Biba,Premium,Sarees,XL,1900,1112,41.4,855,150,43,97,4,0,Size/Fit Issue,21,3.5
2026-03-12,SS26,Biba,Premium,Loungewear,M,3600,2789,22.5,1620,150,85,124,10,4,Style Mismatch,87,3.4
2025-10-24,AW25,W,Mid,Kurta Sets,S,2100,1374,34.6,945,150,39,234,8,0,Style Mismatch,5,2
2025-12-03,AW25,Libas,Value,Sarees,XXL,770,612,20.5,346,150,53,111,4,0,Size/Fit Issue,97,2.7
2025-12-09,AW25,W,Mid,Sarees,M,1860,1118,39.9,837,150,25,150,3,1,Style Mismatch,67,3.8
2026-03-11,SS26,W,Mid,Kurta Sets,XL,2380,2076,12.8,1071,150,36,119,9,1,Quality Issue,145,3.9
2025-11-23,AW25,Libas,Value,Loungewear,XS,1550,873,43.7,698,150,52,109,10,0,Size/Fit Issue,66,3.9
2026-01-30,AW25,W,Mid,Fusion Tops,XL,2120,1619,23.6,954,150,108,120,26,2,Size/Fit Issue,96,3.1
2025-11-10,AW25,FabIndia,Heritage,Fusion Tops,M,3760,2354,37.4,1692,150,43,58,7,1,Style Mismatch,25,2.5
2026-01-21,AW25,FabIndia,Heritage,Fusion Tops,XXL,4270,3045,28.7,1922,150,52,72,11,2,Style Mismatch,62,3.2
2025-11-29,AW25,Biba,Premium,Fusion Tops,L,4470,3644,18.5,2012,150,71,233,8,0,Size/Fit Issue,147,2.9
2026-03-28,SS26,W,Mid,Sarees,S,2160,1200,44.4,972,150,26,78,2,1,Quality Issue,13,3.4
2026-01-26,AW25,Biba,Premium,Sarees,S,4920,4251,13.6,2214,150,18,67,0,1,Style Mismatch,78,4
2026-03-25,SS26,Libas,Value,Kurta Sets,L,820,638,22.2,369,150,100,228,22,5,Logistics Delay,120,3.9
2026-03-30,SS26,W,Mid,Kurta Sets,L,1320,1044,20.9,594,150,73,191,15,5,Quality Issue,34,4
2026-03-02,SS26,FabIndia,Heritage,Kurta Sets,M,5000,3075,38.5,2250,150,12,109,0,0,Quality Issue,150,3.1
2026-02-06,SS26,Biba,Premium,Fusion Tops,XS,3940,3290,16.5,1773,150,36,92,0,0,Size/Fit Issue,127,3.2
2026-01-17,AW25,W,Mid,Loungewear,M,2380,1457,38.8,1071,150,14,156,0,1,Size/Fit Issue,123,3.2
2025-10-28,AW25,FabIndia,Heritage,Kurta Sets,M,1830,1138,37.8,824,150,9,21,0,0,Style Mismatch,103,3.9
2026-02-02,SS26,FabIndia,Heritage,Fusion Tops,XS,3480,2567,26.2,1566,150,86,189,12,5,Quality Issue,29,4.3
2025-10-29,AW25,W,Mid,Fusion Tops,XL,2370,1220,48.5,1066,150,41,182,0,3,Quality Issue,20,2.8
2026-03-07,SS26,FabIndia,Heritage,Fusion Tops,XS,4810,3892,19.1,2164,150,86,204,11,0,Style Mismatch,31,3.1
2025-12-26,AW25,Libas,Value,Kurta Sets,XL,1050,904,13.9,472,150,70,171,0,1,Quality Issue,91,3.7
2025-10-10,AW25,FabIndia,Heritage,Sarees,S,1690,1153,31.7,760,150,33,219,3,1,Size/Fit Issue,32,4.7
2026-03-08,SS26,W,Mid,Fusion Tops,XS,1110,873,21.3,500,150,30,171,7,1,Quality Issue,9,2.1
2025-10-21,AW25,Libas,Value,Loungewear,L,1320,1239,6.1,594,150,16,92,4,0,Size/Fit Issue,65,2.5
2025-12-17,AW25,W,Mid,Kurta Sets,M,2740,2308,15.8,1233,150,49,213,9,3,Size/Fit Issue,111,3.9
2026-01-11,AW25,W,Mid,Loungewear,M,820,612,25.4,369,150,80,252,14,1,Style Mismatch,4,4.1
2025-12-21,AW25,Biba,Premium,Sarees,S,1370,816,40.5,616,150,20,137,2,1,Quality Issue,56,3.4
2026-03-12,SS26,Libas,Value,Fusion Tops,L,1640,1548,5.6,738,150,48,111,5,1,Style Mismatch,87,4
2026-02-14,SS26,W,Mid,Fusion Tops,M,2450,2288,6.6,1102,150,16,161,2,0,Style Mismatch,146,2.6
2026-01-03,AW25,Libas,Value,Loungewear,M,1420,870,38.7,639,150,37,52,7,0,Style Mismatch,7,3.3
2025-12-12,AW25,FabIndia,Heritage,Sarees,L,5400,4774,11.6,2430,150,19,69,1,0,Size/Fit Issue,31,2.9
2026-01-11,AW25,FabIndia,Heritage,Loungewear,S,4420,2209,50,1989,150,78,250,10,3,Quality Issue,71,3.9
2026-03-12,SS26,Libas,Value,Fusion Tops,S,1330,934,29.7,598,150,59,142,16,2,Logistics Delay,118,2.5
2025-10-01,AW25,Libas,Value,Fusion Tops,XXL,850,517,39.2,382,150,85,102,22,2,Size/Fit Issue,25,2.5
2026-03-08,SS26,W,Mid,Sarees,XL,2860,1289,54.9,1287,150,103,233,26,2,Size/Fit Issue,146,3.7
2026-03-25,SS26,Biba,Premium,Loungewear,XS,4340,2818,35.1,1953,150,114,309,19,1,Logistics Delay,99,3.4
2025-12-01,AW25,W,Mid,Fusion Tops,XXL,1620,1278,21.1,729,150,17,181,5,0,Style Mismatch,75,2.7
2026-01-22,AW25,W,Mid,Sarees,L,2850,1794,37.1,1282,150,38,222,2,2,Size/Fit Issue,84,4
2026-03-23,SS26,FabIndia,Heritage,Fusion Tops,L,1580,882,44.2,711,150,121,137,2,7,Quality Issue,66,3.6
2026-01-21,AW25,FabIndia,Heritage,Kurta Sets,M,4260,2283,46.4,1917,150,86,127,6,6,Quality Issue,10,3.3
2025-10-27,AW25,W,Mid,Loungewear,XL,1260,742,41.1,567,150,92,169,16,1,Size/Fit Issue,93,3.4
2025-10-25,AW25,Libas,Value,Kurta Sets,L,1500,861,42.6,675,150,78,233,7,2,Quality Issue,66,3.9
2025-12-10,AW25,Biba,Premium,Sarees,S,3440,2772,19.4,1548,150,67,222,7,3,Style Mismatch,56,4
2026-03-12,SS26,Libas,Value,Fusion Tops,XXL,1400,859,38.7,630,150,33,50,2,0,Size/Fit Issue,39,3.8
2025-11-24,AW25,Libas,Value,Sarees,XL,520,427,18,234,150,90,139,12,4,Size/Fit Issue,130,3.1
2026-02-28,SS26,Libas,Value,Loungewear,L,1490,932,37.4,670,150,103,200,5,7,Size/Fit Issue,134,4.6
2025-11-27,AW25,Libas,Value,Sarees,S,810,657,18.9,364,150,38,182,4,1,Logistics Delay,30,4.4
2025-11-28,AW25,W,Mid,Loungewear,XXL,930,698,24.9,418,150,64,211,12,1,Logistics Delay,25,4.3
2025-10-21,AW25,Biba,Premium,Fusion Tops,XL,3440,2841,17.4,1548,150,35,161,5,1,Size/Fit Issue,65,3.9
2025-11-15,AW25,Biba,Premium,Loungewear,XL,2440,2207,9.6,1098,150,14,86,2,0,Style Mismatch,48,2.6
2026-02-27,SS26,FabIndia,Heritage,Fusion Tops,XS,5400,2750,49.1,2430,150,78,209,18,0,Style Mismatch,13,3.3
2025-11-20,AW25,Biba,Premium,Sarees,XL,3290,2632,20,1480,150,102,276,9,7,Quality Issue,2,3.3
2025-11-19,AW25,FabIndia,Heritage,Kurta Sets,M,4330,2812,35.1,1948,150,41,118,2,1,Size/Fit Issue,126,3.8
2026-02-14,SS26,W,Mid,Loungewear,M,2860,2275,20.4,1287,150,24,164,6,1,Style Mismatch,112,3
2026-01-29,AW25,FabIndia,Heritage,Sarees,S,1540,877,43,693,150,27,83,4,0,Quality Issue,77,3.6
2025-11-19,AW25,Biba,Premium,Sarees,S,2560,1790,30.1,1152,150,104,286,10,5,Logistics Delay,81,2.6
